Source,Destination,Valeur
Q15583,Q9Y5K5,0.2963850906182176
Q9Y5K5,Q15583,0.2963850906182176
Q15583,Q9HCE7,0.2963850906182176
Q9HCE7,Q15583,0.2963850906182176
Q15583,Q9Y618,0.2609127724559987
Q9Y618,Q15583,0.2609127724559987
Q15583,Q9HAU4,0.2963850906182176
Q9HAU4,Q15583,0.2963850906182176
Q15583,Q8N2S1,0.1051600884334792
Q8N2S1,Q15583,0.1051600884334792
Q15583,Q9NPB6,0
Q9NPB6,Q15583,0
Q15583,Q969W9,0.2963850906182176
Q969W9,Q15583,0.2963850906182176
Q15583,Q6ZSZ5,0
Q6ZSZ5,Q15583,0
Q15583,Q9Y4E8,0.2963850906182176
Q9Y4E8,Q15583,0.2963850906182176
Q15583,Q9P2M7,0
Q9P2M7,Q15583,0
Q15583,Q9GZN2,0.2609127724559987
Q9GZN2,Q15583,0.2609127724559987
Q15583,Q9UPN9,0.2609127724559987
Q9UPN9,Q15583,0.2609127724559987
Q15583,Q9NS15,0.1051600884334792
Q9NS15,Q15583,0.1051600884334792
Q15583,Q9UN42,0.2609127724559987
Q9UN42,Q15583,0.2609127724559987
Q15583,Q16254,0.2609127724559987
Q16254,Q15583,0.2609127724559987
Q15583,Q9Y624,0
Q9Y624,Q15583,0
Q15583,Q8TEW0,0
Q8TEW0,Q15583,0
Q15583,Q15843,0.1051600884334792
Q15843,Q15583,0.1051600884334792
Q15583,Q96PU5,0.2963850906182176
Q96PU5,Q15583,0.2963850906182176
Q15583,Q15796,0.2963850906182176
Q15796,Q15583,0.2963850906182176
Q15583,Q9Y3F4,0.2963850906182176
Q9Y3F4,Q15583,0.2963850906182176
Q15583,Q9GZV5,0.2609127724559987
Q9GZV5,Q15583,0.2609127724559987
Q15583,Q93008,0.2609127724559987
Q93008,Q15583,0.2609127724559987
Q15583,Q9NYA4,0.2963850906182176
Q9NYA4,Q15583,0.2963850906182176
Q15583,Q6ZNA4,0.2609127724559987
Q6ZNA4,Q15583,0.2609127724559987
Q15583,Q9UNE7,0.2963850906182176
Q9UNE7,Q15583,0.2963850906182176
Q9Y5K5,Q9Y618,0.2963850906182176
Q9Y618,Q9Y5K5,0.2963850906182176
Q9Y5K5,Q9Y624,0.244207078953146
Q9Y624,Q9Y5K5,0.244207078953146
Q9HCE7,Q9Y5K5,0.305725116872361
Q9Y5K5,Q9HCE7,0.305725116872361
Q9HCE7,Q9Y618,0.2963850906182176
Q9Y618,Q9HCE7,0.2963850906182176
Q9HCE7,Q9NPB6,0.244207078953146
Q9NPB6,Q9HCE7,0.244207078953146
Q9HCE7,Q9Y4E8,0.305725116872361
Q9Y4E8,Q9HCE7,0.305725116872361
Q9HCE7,Q9P2M7,0.244207078953146
Q9P2M7,Q9HCE7,0.244207078953146
Q9HCE7,Q9UPN9,0.2963850906182176
Q9UPN9,Q9HCE7,0.2963850906182176
Q9HCE7,Q9NS15,0.305725116872361
Q9NS15,Q9HCE7,0.305725116872361
Q9HCE7,Q9UN42,0.2963850906182176
Q9UN42,Q9HCE7,0.2963850906182176
Q9HCE7,Q9Y624,0.244207078953146
Q9Y624,Q9HCE7,0.244207078953146
Q9HCE7,Q9Y3F4,0.305725116872361
Q9Y3F4,Q9HCE7,0.305725116872361
Q9HCE7,Q9NYA4,0.305725116872361
Q9NYA4,Q9HCE7,0.305725116872361
Q9HCE7,Q9UNE7,0.305725116872361
Q9UNE7,Q9HCE7,0.305725116872361
O60583,Q15583,0.2609127724559987
Q15583,O60583,0.2609127724559987
O60583,Q9Y5K5,0.1051600884334792
Q9Y5K5,O60583,0.1051600884334792
O60583,Q9HCE7,0.1051600884334792
Q9HCE7,O60583,0.1051600884334792
O60583,P84022,0.2609127724559987
P84022,O60583,0.2609127724559987
O60583,Q9Y618,0.2609127724559987
Q9Y618,O60583,0.2609127724559987
O60583,Q03167,0.1051600884334792
Q03167,O60583,0.1051600884334792
O60583,Q9HAU4,0.2609127724559987
Q9HAU4,O60583,0.2609127724559987
O60583,P62942,0.1051600884334792
P62942,O60583,0.1051600884334792
O60583,Q8N2S1,0.1051600884334792
Q8N2S1,O60583,0.1051600884334792
O60583,Q9NPB6,0
Q9NPB6,O60583,0
O60583,Q969W9,0.1051600884334792
Q969W9,O60583,0.1051600884334792
O60583,Q6ZSZ5,0
Q6ZSZ5,O60583,0
O60583,Q9Y4E8,0.1051600884334792
Q9Y4E8,O60583,0.1051600884334792
O60583,P27361,0.2609127724559987
P27361,O60583,0.2609127724559987
O60583,P62140,0.1051600884334792
P62140,O60583,0.1051600884334792
O60583,O75909,0
O75909,O60583,0
O60583,Q14766,0.1051600884334792
Q14766,O60583,0.1051600884334792
O60583,P09958,0
P09958,O60583,0
O60583,Q13573,0.2609127724559987
Q13573,O60583,0.2609127724559987
O60583,P51668,0.2609127724559987
P51668,O60583,0.2609127724559987
O60583,P61812,0.1051600884334792
P61812,O60583,0.1051600884334792
O60583,P22681,0.1051600884334792
P22681,O60583,0.1051600884334792
O60583,P36873,0.1051600884334792
P36873,O60583,0.1051600884334792
O60583,P62136,0.1051600884334792
P62136,O60583,0.1051600884334792
O60583,P0CG48,0.2609127724559987
P0CG48,O60583,0.2609127724559987
O60583,P08123,0
P08123,O60583,0
O60583,Q9P2M7,0
Q9P2M7,O60583,0
O60583,P06756,0.1051600884334792
P06756,O60583,0.1051600884334792
O60583,P61586,0
P61586,O60583,0
O60583,Q9GZN2,0.2609127724559987
Q9GZN2,O60583,0.2609127724559987
O60583,P24863,0
P24863,O60583,0
O60583,P67809,0
P67809,O60583,0
O60583,P36897,0.1051600884334792
P36897,O60583,0.1051600884334792
O60583,Q9UPN9,0.2609127724559987
Q9UPN9,O60583,0.2609127724559987
O60583,P28482,0.2609127724559987
P28482,O60583,0.2609127724559987
O60583,P01137,0.1051600884334792
P01137,O60583,0.1051600884334792
O60583,P09874,0.2609127724559987
P09874,O60583,0.2609127724559987
O60583,P18084,0.1051600884334792
P18084,O60583,0.1051600884334792
O60583,P49336,0
P49336,O60583,0
O60583,Q9NS15,0.1051600884334792
Q9NS15,O60583,0.1051600884334792
O60583,Q9UN42,0.2609127724559987
Q9UN42,O60583,0.2609127724559987
O60583,P12757,0.2609127724559987
P12757,O60583,0.2609127724559987
O60583,Q15329,0
Q15329,O60583,0
O60583,P05556,0.1051600884334792
P05556,O60583,0.1051600884334792
O60583,P18564,0.1051600884334792
P18564,O60583,0.1051600884334792
O60583,P08047,0
P08047,O60583,0
O60583,Q16254,0
Q16254,O60583,0
O60583,P05121,0
P05121,O60583,0
O60583,Q13145,0.1051600884334792
Q13145,O60583,0.1051600884334792
O60583,P61077,0.2609127724559987
P61077,O60583,0.2609127724559987
O60583,Q9Y624,0
Q9Y624,O60583,0
O60583,P62987,0.2609127724559987
P62987,O60583,0.2609127724559987
O60583,P12755,0.2609127724559987
P12755,O60583,0.2609127724559987
O60583,Q8TEW0,0
Q8TEW0,O60583,0
O60583,Q15843,0.1051600884334792
Q15843,O60583,0.1051600884334792
O60583,Q14767,0.1051600884334792
Q14767,O60583,0.1051600884334792
O60583,Q96PU5,0.2609127724559987
Q96PU5,O60583,0.2609127724559987
O60583,P26012,0.1051600884334792
P26012,O60583,0.1051600884334792
O60583,P62979,0.2609127724559987
P62979,O60583,0.2609127724559987
O60583,Q15796,0.2609127724559987
Q15796,O60583,0.2609127724559987
O60583,Q9Y3F4,0.1051600884334792
Q9Y3F4,O60583,0.1051600884334792
O60583,O75807,0.1051600884334792
O75807,O60583,0.1051600884334792
O60583,P53708,0.1051600884334792
P53708,O60583,0.1051600884334792
O60583,P0CG47,0.2609127724559987
P0CG47,O60583,0.2609127724559987
O60583,P61081,0.1051600884334792
P61081,O60583,0.1051600884334792
O60583,Q05513,0
Q05513,O60583,0
O60583,Q9GZV5,0.2609127724559987
Q9GZV5,O60583,0.2609127724559987
O60583,P42772,0
P42772,O60583,0
O60583,O75376,0.2609127724559987
O75376,O60583,0.2609127724559987
O60583,Q93008,0.2609127724559987
Q93008,O60583,0.2609127724559987
O60583,P01106,0
P01106,O60583,0
O60583,P37173,0.1051600884334792
P37173,O60583,0.1051600884334792
O60583,P10600,0.1051600884334792
P10600,O60583,0.1051600884334792
O60583,P05106,0.1051600884334792
P05106,O60583,0.1051600884334792
O60583,Q9NYA4,0.1051600884334792
Q9NYA4,O60583,0.1051600884334792
O60583,Q14186,0
Q14186,O60583,0
O60583,Q6ZNA4,0.2609127724559987
Q6ZNA4,O60583,0.2609127724559987
O60583,P35813,0.2609127724559987
P35813,O60583,0.2609127724559987
O60583,Q14188,0
Q14188,O60583,0
O60583,Q9UNE7,0.1051600884334792
Q9UNE7,O60583,0.1051600884334792
O60583,Q13547,0.2609127724559987
Q13547,O60583,0.2609127724559987
O60583,P17275,0
P17275,O60583,0
O60583,P50750,0
P50750,O60583,0
O60583,P28749,0
P28749,O60583,0
O60583,Q13485,0.2609127724559987
Q13485,O60583,0.2609127724559987
O60583,Q09472,0
Q09472,O60583,0
P84022,Q15583,0.2963850906182176
Q15583,P84022,0.2963850906182176
P84022,Q9Y5K5,0.305725116872361
Q9Y5K5,P84022,0.305725116872361
P84022,Q9HCE7,0.305725116872361
Q9HCE7,P84022,0.305725116872361
P84022,Q9Y618,0.2963850906182176
Q9Y618,P84022,0.2963850906182176
P84022,Q03167,0.305725116872361
Q03167,P84022,0.305725116872361
P84022,Q9HAU4,0.305725116872361
Q9HAU4,P84022,0.305725116872361
P84022,Q8N2S1,0.305725116872361
Q8N2S1,P84022,0.305725116872361
P84022,Q9NPB6,0.244207078953146
Q9NPB6,P84022,0.244207078953146
P84022,Q969W9,0.305725116872361
Q969W9,P84022,0.305725116872361
P84022,Q6ZSZ5,0.244207078953146
Q6ZSZ5,P84022,0.244207078953146
P84022,Q9Y4E8,0.305725116872361
Q9Y4E8,P84022,0.305725116872361
P84022,Q14766,0.305725116872361
Q14766,P84022,0.305725116872361
P84022,Q13573,0.2963850906182176
Q13573,P84022,0.2963850906182176
P84022,Q9P2M7,0.244207078953146
Q9P2M7,P84022,0.244207078953146
P84022,Q9GZN2,0.2963850906182176
Q9GZN2,P84022,0.2963850906182176
P84022,Q9UPN9,0.2963850906182176
Q9UPN9,P84022,0.2963850906182176
P84022,Q9NS15,0.305725116872361
Q9NS15,P84022,0.305725116872361
P84022,Q9UN42,0.2963850906182176
Q9UN42,P84022,0.2963850906182176
P84022,Q15329,0.2609127724559987
Q15329,P84022,0.2609127724559987
P84022,Q16254,0.2609127724559987
Q16254,P84022,0.2609127724559987
P84022,Q13145,0.305725116872361
Q13145,P84022,0.305725116872361
P84022,Q9Y624,0.244207078953146
Q9Y624,P84022,0.244207078953146
P84022,Q8TEW0,0.244207078953146
Q8TEW0,P84022,0.244207078953146
P84022,Q15843,0.305725116872361
Q15843,P84022,0.305725116872361
P84022,Q14767,0.305725116872361
Q14767,P84022,0.305725116872361
P84022,Q96PU5,0.305725116872361
Q96PU5,P84022,0.305725116872361
P84022,Q15796,0.305725116872361
Q15796,P84022,0.305725116872361
P84022,Q9Y3F4,0.305725116872361
Q9Y3F4,P84022,0.305725116872361
P84022,Q05513,0.244207078953146
Q05513,P84022,0.244207078953146
P84022,Q9GZV5,0.2963850906182176
Q9GZV5,P84022,0.2963850906182176
P84022,Q93008,0.2963850906182176
Q93008,P84022,0.2963850906182176
P84022,Q9NYA4,0.305725116872361
Q9NYA4,P84022,0.305725116872361
P84022,Q14186,0.2609127724559987
Q14186,P84022,0.2609127724559987
P84022,Q6ZNA4,0.2963850906182176
Q6ZNA4,P84022,0.2963850906182176
P84022,Q14188,0.2609127724559987
Q14188,P84022,0.2609127724559987
P84022,Q9UNE7,0.305725116872361
Q9UNE7,P84022,0.305725116872361
P84022,Q13547,0.2963850906182176
Q13547,P84022,0.2963850906182176
P84022,Q13485,0.2963850906182176
Q13485,P84022,0.2963850906182176
P84022,Q09472,0.2609127724559987
Q09472,P84022,0.2609127724559987
Q9Y618,Q9Y624,0
Q9Y624,Q9Y618,0
Q03167,Q15583,0.1051600884334792
Q15583,Q03167,0.1051600884334792
Q03167,Q9Y5K5,0.305725116872361
Q9Y5K5,Q03167,0.305725116872361
Q03167,Q9HCE7,0.305725116872361
Q9HCE7,Q03167,0.305725116872361
Q03167,Q9Y618,0
Q9Y618,Q03167,0
Q03167,Q9HAU4,0.305725116872361
Q9HAU4,Q03167,0.305725116872361
Q03167,Q8N2S1,0
Q8N2S1,Q03167,0
Q03167,Q9NPB6,0.244207078953146
Q9NPB6,Q03167,0.244207078953146
Q03167,Q969W9,0.305725116872361
Q969W9,Q03167,0.305725116872361
Q03167,Q6ZSZ5,0.244207078953146
Q6ZSZ5,Q03167,0.244207078953146
Q03167,Q9Y4E8,0.305725116872361
Q9Y4E8,Q03167,0.305725116872361
Q03167,Q14766,0
Q14766,Q03167,0
Q03167,Q13573,0
Q13573,Q03167,0
Q03167,Q9P2M7,0.244207078953146
Q9P2M7,Q03167,0.244207078953146
Q03167,Q9GZN2,0.1051600884334792
Q9GZN2,Q03167,0.1051600884334792
Q03167,Q9UPN9,0
Q9UPN9,Q03167,0
Q03167,Q9NS15,0
Q9NS15,Q03167,0
Q03167,Q9UN42,0
Q9UN42,Q03167,0
Q03167,Q15329,0.1051600884334792
Q15329,Q03167,0.1051600884334792
Q03167,Q16254,0.1051600884334792
Q16254,Q03167,0.1051600884334792
Q03167,Q13145,0.305725116872361
Q13145,Q03167,0.305725116872361
Q03167,Q9Y624,0.244207078953146
Q9Y624,Q03167,0.244207078953146
Q03167,Q8TEW0,0.244207078953146
Q8TEW0,Q03167,0.244207078953146
Q03167,Q15843,0
Q15843,Q03167,0
Q03167,Q14767,0
Q14767,Q03167,0
Q03167,Q96PU5,0.305725116872361
Q96PU5,Q03167,0.305725116872361
Q03167,Q15796,0.305725116872361
Q15796,Q03167,0.305725116872361
Q03167,Q9Y3F4,0.305725116872361
Q9Y3F4,Q03167,0.305725116872361
Q03167,Q05513,0.244207078953146
Q05513,Q03167,0.244207078953146
Q03167,Q9GZV5,0.1051600884334792
Q9GZV5,Q03167,0.1051600884334792
Q03167,Q93008,0
Q93008,Q03167,0
Q03167,Q9NYA4,0.305725116872361
Q9NYA4,Q03167,0.305725116872361
Q03167,Q14186,0.1051600884334792
Q14186,Q03167,0.1051600884334792
Q03167,Q6ZNA4,0.1051600884334792
Q6ZNA4,Q03167,0.1051600884334792
Q03167,Q14188,0.1051600884334792
Q14188,Q03167,0.1051600884334792
Q03167,Q9UNE7,0.305725116872361
Q9UNE7,Q03167,0.305725116872361
Q03167,Q13547,0.1051600884334792
Q13547,Q03167,0.1051600884334792
Q03167,Q13485,0.1051600884334792
Q13485,Q03167,0.1051600884334792
Q03167,Q09472,0.1051600884334792
Q09472,Q03167,0.1051600884334792
Q9HAU4,Q9Y5K5,0.305725116872361
Q9Y5K5,Q9HAU4,0.305725116872361
Q9HAU4,Q9HCE7,0.305725116872361
Q9HCE7,Q9HAU4,0.305725116872361
Q9HAU4,Q9Y618,0.2963850906182176
Q9Y618,Q9HAU4,0.2963850906182176
Q9HAU4,Q9NPB6,0.244207078953146
Q9NPB6,Q9HAU4,0.244207078953146
Q9HAU4,Q9Y4E8,0.305725116872361
Q9Y4E8,Q9HAU4,0.305725116872361
Q9HAU4,Q9P2M7,0.244207078953146
Q9P2M7,Q9HAU4,0.244207078953146
Q9HAU4,Q9UPN9,0.2963850906182176
Q9UPN9,Q9HAU4,0.2963850906182176
Q9HAU4,Q9NS15,0.305725116872361
Q9NS15,Q9HAU4,0.305725116872361
Q9HAU4,Q9UN42,0.2963850906182176
Q9UN42,Q9HAU4,0.2963850906182176
Q9HAU4,Q9Y624,0.244207078953146
Q9Y624,Q9HAU4,0.244207078953146
Q9HAU4,Q9Y3F4,0.305725116872361
Q9Y3F4,Q9HAU4,0.305725116872361
Q9HAU4,Q9NYA4,0.305725116872361
Q9NYA4,Q9HAU4,0.305725116872361
Q9HAU4,Q9UNE7,0.305725116872361
Q9UNE7,Q9HAU4,0.305725116872361
P62942,Q15583,0.1051600884334792
Q15583,P62942,0.1051600884334792
P62942,Q9Y5K5,0.305725116872361
Q9Y5K5,P62942,0.305725116872361
P62942,Q9HCE7,0.305725116872361
Q9HCE7,P62942,0.305725116872361
P62942,P84022,0.305725116872361
P84022,P62942,0.305725116872361
P62942,Q9Y618,0
Q9Y618,P62942,0
P62942,Q03167,0.244207078953146
Q03167,P62942,0.244207078953146
P62942,Q9HAU4,0.305725116872361
Q9HAU4,P62942,0.305725116872361
P62942,Q8N2S1,0.244207078953146
Q8N2S1,P62942,0.244207078953146
P62942,Q9NPB6,0.244207078953146
Q9NPB6,P62942,0.244207078953146
P62942,Q969W9,0.305725116872361
Q969W9,P62942,0.305725116872361
P62942,Q6ZSZ5,0.244207078953146
Q6ZSZ5,P62942,0.244207078953146
P62942,Q9Y4E8,0.305725116872361
Q9Y4E8,P62942,0.305725116872361
P62942,Q14766,0.244207078953146
Q14766,P62942,0.244207078953146
P62942,Q13573,0
Q13573,P62942,0
P62942,Q9P2M7,0.244207078953146
Q9P2M7,P62942,0.244207078953146
P62942,Q9GZN2,0.1051600884334792
Q9GZN2,P62942,0.1051600884334792
P62942,P67809,0.1051600884334792
P67809,P62942,0.1051600884334792
P62942,Q9UPN9,0
Q9UPN9,P62942,0
P62942,Q9NS15,0.244207078953146
Q9NS15,P62942,0.244207078953146
P62942,Q9UN42,0
Q9UN42,P62942,0
P62942,Q15329,0.1051600884334792
Q15329,P62942,0.1051600884334792
P62942,Q16254,0.1051600884334792
Q16254,P62942,0.1051600884334792
P62942,Q13145,0.305725116872361
Q13145,P62942,0.305725116872361
P62942,Q9Y624,0.244207078953146
Q9Y624,P62942,0.244207078953146
P62942,P62987,0.305725116872361
P62987,P62942,0.305725116872361
P62942,Q8TEW0,0.244207078953146
Q8TEW0,P62942,0.244207078953146
P62942,Q15843,0.244207078953146
Q15843,P62942,0.244207078953146
P62942,Q14767,0.244207078953146
Q14767,P62942,0.244207078953146
P62942,Q96PU5,0.305725116872361
Q96PU5,P62942,0.305725116872361
P62942,P62979,0.305725116872361
P62979,P62942,0.305725116872361
P62942,Q15796,0.305725116872361
Q15796,P62942,0.305725116872361
P62942,Q9Y3F4,0.305725116872361
Q9Y3F4,P62942,0.305725116872361
P62942,Q05513,0.244207078953146
Q05513,P62942,0.244207078953146
P62942,Q9GZV5,0.1051600884334792
Q9GZV5,P62942,0.1051600884334792
P62942,Q93008,0
Q93008,P62942,0
P62942,Q9NYA4,0.305725116872361
Q9NYA4,P62942,0.305725116872361
P62942,Q14186,0.1051600884334792
Q14186,P62942,0.1051600884334792
P62942,Q6ZNA4,0.1051600884334792
Q6ZNA4,P62942,0.1051600884334792
P62942,Q14188,0.1051600884334792
Q14188,P62942,0.1051600884334792
P62942,Q9UNE7,0.305725116872361
Q9UNE7,P62942,0.305725116872361
P62942,Q13547,0.1051600884334792
Q13547,P62942,0.1051600884334792
P62942,Q13485,0.1051600884334792
Q13485,P62942,0.1051600884334792
P62942,Q09472,0.1051600884334792
Q09472,P62942,0.1051600884334792
Q8N2S1,Q9Y5K5,0.305725116872361
Q9Y5K5,Q8N2S1,0.305725116872361
Q8N2S1,Q9HCE7,0.305725116872361
Q9HCE7,Q8N2S1,0.305725116872361
Q8N2S1,Q9Y618,0
Q9Y618,Q8N2S1,0
Q8N2S1,Q9HAU4,0.305725116872361
Q9HAU4,Q8N2S1,0.305725116872361
Q8N2S1,Q9NPB6,0.244207078953146
Q9NPB6,Q8N2S1,0.244207078953146
Q8N2S1,Q969W9,0.305725116872361
Q969W9,Q8N2S1,0.305725116872361
Q8N2S1,Q9Y4E8,0.305725116872361
Q9Y4E8,Q8N2S1,0.305725116872361
Q8N2S1,Q9P2M7,0.244207078953146
Q9P2M7,Q8N2S1,0.244207078953146
Q8N2S1,Q9GZN2,0.1051600884334792
Q9GZN2,Q8N2S1,0.1051600884334792
Q8N2S1,Q9UPN9,0
Q9UPN9,Q8N2S1,0
Q8N2S1,Q9NS15,0
Q9NS15,Q8N2S1,0
Q8N2S1,Q9UN42,0
Q9UN42,Q8N2S1,0
Q8N2S1,Q9Y624,0.244207078953146
Q9Y624,Q8N2S1,0.244207078953146
Q8N2S1,Q8TEW0,0.244207078953146
Q8TEW0,Q8N2S1,0.244207078953146
Q8N2S1,Q96PU5,0.305725116872361
Q96PU5,Q8N2S1,0.305725116872361
Q8N2S1,Q9Y3F4,0.305725116872361
Q9Y3F4,Q8N2S1,0.305725116872361
Q8N2S1,Q9GZV5,0.1051600884334792
Q9GZV5,Q8N2S1,0.1051600884334792
Q8N2S1,Q93008,0
Q93008,Q8N2S1,0
Q8N2S1,Q9NYA4,0.305725116872361
Q9NYA4,Q8N2S1,0.305725116872361
Q8N2S1,Q9UNE7,0.305725116872361
Q9UNE7,Q8N2S1,0.305725116872361
Q9NPB6,Q9Y5K5,0.244207078953146
Q9Y5K5,Q9NPB6,0.244207078953146
Q9NPB6,Q9Y618,0
Q9Y618,Q9NPB6,0
Q9NPB6,Q9Y4E8,0.244207078953146
Q9Y4E8,Q9NPB6,0.244207078953146
Q9NPB6,Q9P2M7,0
Q9P2M7,Q9NPB6,0
Q9NPB6,Q9UPN9,0
Q9UPN9,Q9NPB6,0
Q9NPB6,Q9NS15,0.244207078953146
Q9NS15,Q9NPB6,0.244207078953146
Q9NPB6,Q9UN42,0
Q9UN42,Q9NPB6,0
Q9NPB6,Q9Y624,0
Q9Y624,Q9NPB6,0
Q9NPB6,Q9Y3F4,0.244207078953146
Q9Y3F4,Q9NPB6,0.244207078953146
Q9NPB6,Q9NYA4,0.244207078953146
Q9NYA4,Q9NPB6,0.244207078953146
Q9NPB6,Q9UNE7,0.244207078953146
Q9UNE7,Q9NPB6,0.244207078953146
Q969W9,Q9Y5K5,0.305725116872361
Q9Y5K5,Q969W9,0.305725116872361
Q969W9,Q9HCE7,0.305725116872361
Q9HCE7,Q969W9,0.305725116872361
Q969W9,Q9Y618,0.2963850906182176
Q9Y618,Q969W9,0.2963850906182176
Q969W9,Q9HAU4,0.305725116872361
Q9HAU4,Q969W9,0.305725116872361
Q969W9,Q9NPB6,0.244207078953146
Q9NPB6,Q969W9,0.244207078953146
Q969W9,Q9Y4E8,0.305725116872361
Q9Y4E8,Q969W9,0.305725116872361
Q969W9,Q9P2M7,0.244207078953146
Q9P2M7,Q969W9,0.244207078953146
Q969W9,Q9GZN2,0.2963850906182176
Q9GZN2,Q969W9,0.2963850906182176
Q969W9,Q9UPN9,0.2963850906182176
Q9UPN9,Q969W9,0.2963850906182176
Q969W9,Q9NS15,0.305725116872361
Q9NS15,Q969W9,0.305725116872361
Q969W9,Q9UN42,0.2963850906182176
Q9UN42,Q969W9,0.2963850906182176
Q969W9,Q9Y624,0.244207078953146
Q9Y624,Q969W9,0.244207078953146
Q969W9,Q96PU5,0.305725116872361
Q96PU5,Q969W9,0.305725116872361
Q969W9,Q9Y3F4,0.305725116872361
Q9Y3F4,Q969W9,0.305725116872361
Q969W9,Q9GZV5,0.2963850906182176
Q9GZV5,Q969W9,0.2963850906182176
Q969W9,Q9NYA4,0.305725116872361
Q9NYA4,Q969W9,0.305725116872361
Q969W9,Q9UNE7,0.305725116872361
Q9UNE7,Q969W9,0.305725116872361
Q6ZSZ5,Q9Y5K5,0.244207078953146
Q9Y5K5,Q6ZSZ5,0.244207078953146
Q6ZSZ5,Q9HCE7,0.244207078953146
Q9HCE7,Q6ZSZ5,0.244207078953146
Q6ZSZ5,Q9Y618,0
Q9Y618,Q6ZSZ5,0
Q6ZSZ5,Q9HAU4,0.244207078953146
Q9HAU4,Q6ZSZ5,0.244207078953146
Q6ZSZ5,Q8N2S1,0.244207078953146
Q8N2S1,Q6ZSZ5,0.244207078953146
Q6ZSZ5,Q9NPB6,0
Q9NPB6,Q6ZSZ5,0
Q6ZSZ5,Q969W9,0.244207078953146
Q969W9,Q6ZSZ5,0.244207078953146
Q6ZSZ5,Q9Y4E8,0.244207078953146
Q9Y4E8,Q6ZSZ5,0.244207078953146
Q6ZSZ5,Q9P2M7,0
Q9P2M7,Q6ZSZ5,0
Q6ZSZ5,Q9GZN2,0
Q9GZN2,Q6ZSZ5,0
Q6ZSZ5,Q9UPN9,0
Q9UPN9,Q6ZSZ5,0
Q6ZSZ5,Q9NS15,0.244207078953146
Q9NS15,Q6ZSZ5,0.244207078953146
Q6ZSZ5,Q9UN42,0
Q9UN42,Q6ZSZ5,0
Q6ZSZ5,Q9Y624,0
Q9Y624,Q6ZSZ5,0
Q6ZSZ5,Q8TEW0,0
Q8TEW0,Q6ZSZ5,0
Q6ZSZ5,Q96PU5,0.244207078953146
Q96PU5,Q6ZSZ5,0.244207078953146
Q6ZSZ5,Q9Y3F4,0.244207078953146
Q9Y3F4,Q6ZSZ5,0.244207078953146
Q6ZSZ5,Q9GZV5,0
Q9GZV5,Q6ZSZ5,0
Q6ZSZ5,Q93008,0
Q93008,Q6ZSZ5,0
Q6ZSZ5,Q9NYA4,0.244207078953146
Q9NYA4,Q6ZSZ5,0.244207078953146
Q6ZSZ5,Q9UNE7,0.244207078953146
Q9UNE7,Q6ZSZ5,0.244207078953146
Q9Y4E8,Q9Y5K5,0.305725116872361
Q9Y5K5,Q9Y4E8,0.305725116872361
Q9Y4E8,Q9Y618,0.2963850906182176
Q9Y618,Q9Y4E8,0.2963850906182176
Q9Y4E8,Q9Y624,0.244207078953146
Q9Y624,Q9Y4E8,0.244207078953146
P27361,Q15583,0.2609127724559987
Q15583,P27361,0.2609127724559987
P27361,Q9Y5K5,0.2963850906182176
Q9Y5K5,P27361,0.2963850906182176
P27361,Q9HCE7,0.2963850906182176
Q9HCE7,P27361,0.2963850906182176
P27361,P84022,0.2963850906182176
P84022,P27361,0.2963850906182176
P27361,Q9Y618,0.2609127724559987
Q9Y618,P27361,0.2609127724559987
P27361,Q03167,0.1051600884334792
Q03167,P27361,0.1051600884334792
P27361,Q9HAU4,0.2963850906182176
Q9HAU4,P27361,0.2963850906182176
P27361,P62942,0.1051600884334792
P62942,P27361,0.1051600884334792
P27361,Q8N2S1,0.1051600884334792
Q8N2S1,P27361,0.1051600884334792
P27361,Q9NPB6,0
Q9NPB6,P27361,0
P27361,Q969W9,0.2963850906182176
Q969W9,P27361,0.2963850906182176
P27361,Q6ZSZ5,0
Q6ZSZ5,P27361,0
P27361,Q9Y4E8,0.2963850906182176
Q9Y4E8,P27361,0.2963850906182176
P27361,P62140,0.2963850906182176
P62140,P27361,0.2963850906182176
P27361,Q14766,0.1051600884334792
Q14766,P27361,0.1051600884334792
P27361,Q13573,0.2609127724559987
Q13573,P27361,0.2609127724559987
P27361,P51668,0.2609127724559987
P51668,P27361,0.2609127724559987
P27361,P61812,0.1051600884334792
P61812,P27361,0.1051600884334792
P27361,P36873,0.2963850906182176
P36873,P27361,0.2963850906182176
P27361,P62136,0.2963850906182176
P62136,P27361,0.2963850906182176
P27361,Q9P2M7,0
Q9P2M7,P27361,0
P27361,P61586,0
P61586,P27361,0
P27361,Q9GZN2,0.2609127724559987
Q9GZN2,P27361,0.2609127724559987
P27361,P67809,0.2609127724559987
P67809,P27361,0.2609127724559987
P27361,P36897,0.2963850906182176
P36897,P27361,0.2963850906182176
P27361,Q9UPN9,0.2609127724559987
Q9UPN9,P27361,0.2609127724559987
P27361,P28482,0.2609127724559987
P28482,P27361,0.2609127724559987
P27361,P49336,0.2609127724559987
P49336,P27361,0.2609127724559987
P27361,Q9NS15,0.1051600884334792
Q9NS15,P27361,0.1051600884334792
P27361,Q9UN42,0.2609127724559987
Q9UN42,P27361,0.2609127724559987
P27361,Q15329,0.2609127724559987
Q15329,P27361,0.2609127724559987
P27361,Q16254,0.2609127724559987
Q16254,P27361,0.2609127724559987
P27361,Q13145,0.2963850906182176
Q13145,P27361,0.2963850906182176
P27361,P61077,0.2609127724559987
P61077,P27361,0.2609127724559987
P27361,Q9Y624,0
Q9Y624,P27361,0
P27361,P62987,0.2963850906182176
P62987,P27361,0.2963850906182176
P27361,Q8TEW0,0
Q8TEW0,P27361,0
P27361,Q15843,0.1051600884334792
Q15843,P27361,0.1051600884334792
P27361,Q14767,0.1051600884334792
Q14767,P27361,0.1051600884334792
P27361,Q96PU5,0.2963850906182176
Q96PU5,P27361,0.2963850906182176
P27361,P62979,0.2963850906182176
P62979,P27361,0.2963850906182176
P27361,Q15796,0.2963850906182176
Q15796,P27361,0.2963850906182176
P27361,Q9Y3F4,0.2963850906182176
Q9Y3F4,P27361,0.2963850906182176
P27361,P53708,0.1051600884334792
P53708,P27361,0.1051600884334792
P27361,P61081,0.1051600884334792
P61081,P27361,0.1051600884334792
P27361,Q05513,0
Q05513,P27361,0
P27361,Q9GZV5,0.2609127724559987
Q9GZV5,P27361,0.2609127724559987
P27361,P42772,0.2609127724559987
P42772,P27361,0.2609127724559987
P27361,Q93008,0.2609127724559987
Q93008,P27361,0.2609127724559987
P27361,P37173,0.2963850906182176
P37173,P27361,0.2963850906182176
P27361,Q9NYA4,0.2963850906182176
Q9NYA4,P27361,0.2963850906182176
P27361,Q14186,0.2609127724559987
Q14186,P27361,0.2609127724559987
P27361,Q6ZNA4,0.2609127724559987
Q6ZNA4,P27361,0.2609127724559987
P27361,P35813,0.2609127724559987
P35813,P27361,0.2609127724559987
P27361,Q14188,0.2609127724559987
Q14188,P27361,0.2609127724559987
P27361,Q9UNE7,0.2963850906182176
Q9UNE7,P27361,0.2963850906182176
P27361,Q13547,0.2609127724559987
Q13547,P27361,0.2609127724559987
P27361,P50750,0.2609127724559987
P50750,P27361,0.2609127724559987
P27361,P28749,0.2609127724559987
P28749,P27361,0.2609127724559987
P27361,Q13485,0.2609127724559987
Q13485,P27361,0.2609127724559987
P27361,Q09472,0.2609127724559987
Q09472,P27361,0.2609127724559987
P62140,Q15583,0.2963850906182176
Q15583,P62140,0.2963850906182176
P62140,Q9Y5K5,0.305725116872361
Q9Y5K5,P62140,0.305725116872361
P62140,Q9HCE7,0.305725116872361
Q9HCE7,P62140,0.305725116872361
P62140,P84022,0.305725116872361
P84022,P62140,0.305725116872361
P62140,Q9Y618,0.2963850906182176
Q9Y618,P62140,0.2963850906182176
P62140,Q03167,0.305725116872361
Q03167,P62140,0.305725116872361
P62140,Q9HAU4,0.305725116872361
Q9HAU4,P62140,0.305725116872361
P62140,P62942,0.305725116872361
P62942,P62140,0.305725116872361
P62140,Q8N2S1,0.305725116872361
Q8N2S1,P62140,0.305725116872361
P62140,Q9NPB6,0.244207078953146
Q9NPB6,P62140,0.244207078953146
P62140,Q969W9,0.305725116872361
Q969W9,P62140,0.305725116872361
P62140,Q6ZSZ5,0.244207078953146
Q6ZSZ5,P62140,0.244207078953146
P62140,Q9Y4E8,0.305725116872361
Q9Y4E8,P62140,0.305725116872361
P62140,Q14766,0.305725116872361
Q14766,P62140,0.305725116872361
P62140,Q13573,0.2963850906182176
Q13573,P62140,0.2963850906182176
P62140,Q9P2M7,0.244207078953146
Q9P2M7,P62140,0.244207078953146
P62140,Q9GZN2,0.2963850906182176
Q9GZN2,P62140,0.2963850906182176
P62140,P67809,0.1051600884334792
P67809,P62140,0.1051600884334792
P62140,Q9UPN9,0.2963850906182176
Q9UPN9,P62140,0.2963850906182176
P62140,Q9NS15,0.305725116872361
Q9NS15,P62140,0.305725116872361
P62140,Q9UN42,0.2963850906182176
Q9UN42,P62140,0.2963850906182176
P62140,Q15329,0.1051600884334792
Q15329,P62140,0.1051600884334792
P62140,Q16254,0.1051600884334792
Q16254,P62140,0.1051600884334792
P62140,Q13145,0.305725116872361
Q13145,P62140,0.305725116872361
P62140,Q9Y624,0.244207078953146
Q9Y624,P62140,0.244207078953146
P62140,P62987,0.305725116872361
P62987,P62140,0.305725116872361
P62140,Q8TEW0,0.244207078953146
Q8TEW0,P62140,0.244207078953146
P62140,Q15843,0.305725116872361
Q15843,P62140,0.305725116872361
P62140,Q14767,0.305725116872361
Q14767,P62140,0.305725116872361
P62140,Q96PU5,0.305725116872361
Q96PU5,P62140,0.305725116872361
P62140,P62979,0.305725116872361
P62979,P62140,0.305725116872361
P62140,Q15796,0.305725116872361
Q15796,P62140,0.305725116872361
P62140,Q9Y3F4,0.305725116872361
Q9Y3F4,P62140,0.305725116872361
P62140,Q05513,0.244207078953146
Q05513,P62140,0.244207078953146
P62140,Q9GZV5,0.2963850906182176
Q9GZV5,P62140,0.2963850906182176
P62140,Q93008,0.2963850906182176
Q93008,P62140,0.2963850906182176
P62140,Q9NYA4,0.305725116872361
Q9NYA4,P62140,0.305725116872361
P62140,Q14186,0.1051600884334792
Q14186,P62140,0.1051600884334792
P62140,Q6ZNA4,0.2963850906182176
Q6ZNA4,P62140,0.2963850906182176
P62140,Q14188,0.1051600884334792
Q14188,P62140,0.1051600884334792
P62140,Q9UNE7,0.305725116872361
Q9UNE7,P62140,0.305725116872361
P62140,Q13547,0.2963850906182176
Q13547,P62140,0.2963850906182176
P62140,Q13485,0.2963850906182176
Q13485,P62140,0.2963850906182176
P62140,Q09472,0.1051600884334792
Q09472,P62140,0.1051600884334792
O75909,Q15583,0.2609127724559987
Q15583,O75909,0.2609127724559987
O75909,Q9Y5K5,0.1051600884334792
Q9Y5K5,O75909,0.1051600884334792
O75909,Q9HCE7,0.1051600884334792
Q9HCE7,O75909,0.1051600884334792
O75909,P84022,0.2609127724559987
P84022,O75909,0.2609127724559987
O75909,Q9Y618,0.2609127724559987
Q9Y618,O75909,0.2609127724559987
O75909,Q03167,0.1051600884334792
Q03167,O75909,0.1051600884334792
O75909,Q9HAU4,0.2609127724559987
Q9HAU4,O75909,0.2609127724559987
O75909,P62942,0.1051600884334792
P62942,O75909,0.1051600884334792
O75909,Q8N2S1,0.1051600884334792
Q8N2S1,O75909,0.1051600884334792
O75909,Q9NPB6,0
Q9NPB6,O75909,0
O75909,Q969W9,0.1051600884334792
Q969W9,O75909,0.1051600884334792
O75909,Q6ZSZ5,0
Q6ZSZ5,O75909,0
O75909,Q9Y4E8,0.1051600884334792
Q9Y4E8,O75909,0.1051600884334792
O75909,P27361,0.2609127724559987
P27361,O75909,0.2609127724559987
O75909,P62140,0.1051600884334792
P62140,O75909,0.1051600884334792
O75909,Q14766,0.1051600884334792
Q14766,O75909,0.1051600884334792
O75909,P09958,0
P09958,O75909,0
O75909,Q13573,0.2609127724559987
Q13573,O75909,0.2609127724559987
O75909,P51668,0.2609127724559987
P51668,O75909,0.2609127724559987
O75909,P61812,0.1051600884334792
P61812,O75909,0.1051600884334792
O75909,P22681,0.1051600884334792
P22681,O75909,0.1051600884334792
O75909,P36873,0.1051600884334792
P36873,O75909,0.1051600884334792
O75909,P62136,0.1051600884334792
P62136,O75909,0.1051600884334792
O75909,P0CG48,0.2609127724559987
P0CG48,O75909,0.2609127724559987
O75909,P08123,0
P08123,O75909,0
O75909,Q9P2M7,0
Q9P2M7,O75909,0
O75909,P06756,0.1051600884334792
P06756,O75909,0.1051600884334792
O75909,P61586,0
P61586,O75909,0
O75909,Q9GZN2,0.2609127724559987
Q9GZN2,O75909,0.2609127724559987
O75909,P24863,0
P24863,O75909,0
O75909,P67809,0
P67809,O75909,0
O75909,P36897,0.1051600884334792
P36897,O75909,0.1051600884334792
O75909,Q9UPN9,0.2609127724559987
Q9UPN9,O75909,0.2609127724559987
O75909,P28482,0.2609127724559987
P28482,O75909,0.2609127724559987
O75909,P01137,0.1051600884334792
P01137,O75909,0.1051600884334792
O75909,P09874,0.2609127724559987
P09874,O75909,0.2609127724559987
O75909,P18084,0.1051600884334792
P18084,O75909,0.1051600884334792
O75909,P49336,0
P49336,O75909,0
O75909,Q9NS15,0.1051600884334792
Q9NS15,O75909,0.1051600884334792
O75909,Q9UN42,0.2609127724559987
Q9UN42,O75909,0.2609127724559987
O75909,P12757,0.2609127724559987
P12757,O75909,0.2609127724559987
O75909,Q15329,0
Q15329,O75909,0
O75909,P05556,0.1051600884334792
P05556,O75909,0.1051600884334792
O75909,P18564,0.1051600884334792
P18564,O75909,0.1051600884334792
O75909,P08047,0
P08047,O75909,0
O75909,Q16254,0
Q16254,O75909,0
O75909,P05121,0
P05121,O75909,0
O75909,Q13145,0.1051600884334792
Q13145,O75909,0.1051600884334792
O75909,P61077,0.2609127724559987
P61077,O75909,0.2609127724559987
O75909,Q9Y624,0
Q9Y624,O75909,0
O75909,P62987,0.2609127724559987
P62987,O75909,0.2609127724559987
O75909,P12755,0.2609127724559987
P12755,O75909,0.2609127724559987
O75909,Q8TEW0,0
Q8TEW0,O75909,0
O75909,Q15843,0.1051600884334792
Q15843,O75909,0.1051600884334792
O75909,Q14767,0.1051600884334792
Q14767,O75909,0.1051600884334792
O75909,Q96PU5,0.2609127724559987
Q96PU5,O75909,0.2609127724559987
O75909,P26012,0.1051600884334792
P26012,O75909,0.1051600884334792
O75909,P62979,0.2609127724559987
P62979,O75909,0.2609127724559987
O75909,Q15796,0.2609127724559987
Q15796,O75909,0.2609127724559987
O75909,Q9Y3F4,0.1051600884334792
Q9Y3F4,O75909,0.1051600884334792
O75909,P53708,0.1051600884334792
P53708,O75909,0.1051600884334792
O75909,P0CG47,0.2609127724559987
P0CG47,O75909,0.2609127724559987
O75909,P61081,0.1051600884334792
P61081,O75909,0.1051600884334792
O75909,Q05513,0
Q05513,O75909,0
O75909,Q9GZV5,0.2609127724559987
Q9GZV5,O75909,0.2609127724559987
O75909,P42772,0
P42772,O75909,0
O75909,Q93008,0.2609127724559987
Q93008,O75909,0.2609127724559987
O75909,P01106,0
P01106,O75909,0
O75909,P37173,0.1051600884334792
P37173,O75909,0.1051600884334792
O75909,P10600,0.1051600884334792
P10600,O75909,0.1051600884334792
O75909,P05106,0.1051600884334792
P05106,O75909,0.1051600884334792
O75909,Q9NYA4,0.1051600884334792
Q9NYA4,O75909,0.1051600884334792
O75909,Q14186,0
Q14186,O75909,0
O75909,Q6ZNA4,0.2609127724559987
Q6ZNA4,O75909,0.2609127724559987
O75909,P35813,0.2609127724559987
P35813,O75909,0.2609127724559987
O75909,Q14188,0
Q14188,O75909,0
O75909,Q9UNE7,0.1051600884334792
Q9UNE7,O75909,0.1051600884334792
O75909,Q13547,0.2609127724559987
Q13547,O75909,0.2609127724559987
O75909,P17275,0
P17275,O75909,0
O75909,P50750,0
P50750,O75909,0
O75909,P28749,0
P28749,O75909,0
O75909,Q13485,0.2609127724559987
Q13485,O75909,0.2609127724559987
O75909,Q09472,0
Q09472,O75909,0
Q14766,Q15583,0.1051600884334792
Q15583,Q14766,0.1051600884334792
Q14766,Q9Y5K5,0.305725116872361
Q9Y5K5,Q14766,0.305725116872361
Q14766,Q9HCE7,0.305725116872361
Q9HCE7,Q14766,0.305725116872361
Q14766,Q9Y618,0
Q9Y618,Q14766,0
Q14766,Q9HAU4,0.305725116872361
Q9HAU4,Q14766,0.305725116872361
Q14766,Q8N2S1,0
Q8N2S1,Q14766,0
Q14766,Q9NPB6,0.244207078953146
Q9NPB6,Q14766,0.244207078953146
Q14766,Q969W9,0.305725116872361
Q969W9,Q14766,0.305725116872361
Q14766,Q6ZSZ5,0.244207078953146
Q6ZSZ5,Q14766,0.244207078953146
Q14766,Q9Y4E8,0.305725116872361
Q9Y4E8,Q14766,0.305725116872361
Q14766,Q9P2M7,0.244207078953146
Q9P2M7,Q14766,0.244207078953146
Q14766,Q9GZN2,0.1051600884334792
Q9GZN2,Q14766,0.1051600884334792
Q14766,Q9UPN9,0
Q9UPN9,Q14766,0
Q14766,Q9NS15,0
Q9NS15,Q14766,0
Q14766,Q9UN42,0
Q9UN42,Q14766,0
Q14766,Q15329,0.1051600884334792
Q15329,Q14766,0.1051600884334792
Q14766,Q16254,0.1051600884334792
Q16254,Q14766,0.1051600884334792
Q14766,Q9Y624,0.244207078953146
Q9Y624,Q14766,0.244207078953146
Q14766,Q8TEW0,0.244207078953146
Q8TEW0,Q14766,0.244207078953146
Q14766,Q15843,0
Q15843,Q14766,0
Q14766,Q14767,0
Q14767,Q14766,0
Q14766,Q96PU5,0.305725116872361
Q96PU5,Q14766,0.305725116872361
Q14766,Q15796,0.305725116872361
Q15796,Q14766,0.305725116872361
Q14766,Q9Y3F4,0.305725116872361
Q9Y3F4,Q14766,0.305725116872361
Q14766,Q9GZV5,0.1051600884334792
Q9GZV5,Q14766,0.1051600884334792
Q14766,Q93008,0
Q93008,Q14766,0
Q14766,Q9NYA4,0.305725116872361
Q9NYA4,Q14766,0.305725116872361
Q14766,Q6ZNA4,0.1051600884334792
Q6ZNA4,Q14766,0.1051600884334792
Q14766,Q9UNE7,0.305725116872361
Q9UNE7,Q14766,0.305725116872361
P09958,Q15583,0.2609127724559987
Q15583,P09958,0.2609127724559987
P09958,Q9Y5K5,0.1051600884334792
Q9Y5K5,P09958,0.1051600884334792
P09958,Q9HCE7,0.1051600884334792
Q9HCE7,P09958,0.1051600884334792
P09958,P84022,0.2609127724559987
P84022,P09958,0.2609127724559987
P09958,Q9Y618,0.2609127724559987
Q9Y618,P09958,0.2609127724559987
P09958,Q03167,0.1051600884334792
Q03167,P09958,0.1051600884334792
P09958,Q9HAU4,0.2609127724559987
Q9HAU4,P09958,0.2609127724559987
P09958,P62942,0.1051600884334792
P62942,P09958,0.1051600884334792
P09958,Q8N2S1,0.1051600884334792
Q8N2S1,P09958,0.1051600884334792
P09958,Q9NPB6,0
Q9NPB6,P09958,0
P09958,Q969W9,0.1051600884334792
Q969W9,P09958,0.1051600884334792
P09958,Q6ZSZ5,0
Q6ZSZ5,P09958,0
P09958,Q9Y4E8,0.1051600884334792
Q9Y4E8,P09958,0.1051600884334792
P09958,P27361,0.2609127724559987
P27361,P09958,0.2609127724559987
P09958,P62140,0.1051600884334792
P62140,P09958,0.1051600884334792
P09958,Q14766,0.1051600884334792
Q14766,P09958,0.1051600884334792
P09958,Q13573,0.2609127724559987
Q13573,P09958,0.2609127724559987
P09958,P51668,0.2609127724559987
P51668,P09958,0.2609127724559987
P09958,P61812,0.1051600884334792
P61812,P09958,0.1051600884334792
P09958,P22681,0.1051600884334792
P22681,P09958,0.1051600884334792
P09958,P36873,0.1051600884334792
P36873,P09958,0.1051600884334792
P09958,P62136,0.1051600884334792
P62136,P09958,0.1051600884334792
P09958,P0CG48,0.2609127724559987
P0CG48,P09958,0.2609127724559987
P09958,Q9P2M7,0
Q9P2M7,P09958,0
P09958,P61586,0
P61586,P09958,0
P09958,Q9GZN2,0.2609127724559987
Q9GZN2,P09958,0.2609127724559987
P09958,P24863,0
P24863,P09958,0
P09958,P67809,0
P67809,P09958,0
P09958,P36897,0.1051600884334792
P36897,P09958,0.1051600884334792
P09958,Q9UPN9,0.2609127724559987
Q9UPN9,P09958,0.2609127724559987
P09958,P28482,0.2609127724559987
P28482,P09958,0.2609127724559987
P09958,P18084,0.1051600884334792
P18084,P09958,0.1051600884334792
P09958,P49336,0
P49336,P09958,0
P09958,Q9NS15,0.1051600884334792
Q9NS15,P09958,0.1051600884334792
P09958,Q9UN42,0.2609127724559987
Q9UN42,P09958,0.2609127724559987
P09958,P12757,0.2609127724559987
P12757,P09958,0.2609127724559987
P09958,Q15329,0
Q15329,P09958,0
P09958,P18564,0.1051600884334792
P18564,P09958,0.1051600884334792
P09958,Q16254,0
Q16254,P09958,0
P09958,Q13145,0.1051600884334792
Q13145,P09958,0.1051600884334792
P09958,P61077,0.2609127724559987
P61077,P09958,0.2609127724559987
P09958,Q9Y624,0
Q9Y624,P09958,0
P09958,P62987,0.2609127724559987
P62987,P09958,0.2609127724559987
P09958,P12755,0.2609127724559987
P12755,P09958,0.2609127724559987
P09958,Q8TEW0,0
Q8TEW0,P09958,0
P09958,Q15843,0.1051600884334792
Q15843,P09958,0.1051600884334792
P09958,Q14767,0.1051600884334792
Q14767,P09958,0.1051600884334792
P09958,Q96PU5,0.2609127724559987
Q96PU5,P09958,0.2609127724559987
P09958,P26012,0.1051600884334792
P26012,P09958,0.1051600884334792
P09958,P62979,0.2609127724559987
P62979,P09958,0.2609127724559987
P09958,Q15796,0.2609127724559987
Q15796,P09958,0.2609127724559987
P09958,Q9Y3F4,0.1051600884334792
Q9Y3F4,P09958,0.1051600884334792
P09958,P53708,0.1051600884334792
P53708,P09958,0.1051600884334792
P09958,P0CG47,0.2609127724559987
P0CG47,P09958,0.2609127724559987
P09958,P61081,0.1051600884334792
P61081,P09958,0.1051600884334792
P09958,Q05513,0
Q05513,P09958,0
P09958,Q9GZV5,0.2609127724559987
Q9GZV5,P09958,0.2609127724559987
P09958,P42772,0
P42772,P09958,0
P09958,Q93008,0.2609127724559987
Q93008,P09958,0.2609127724559987
P09958,P37173,0.1051600884334792
P37173,P09958,0.1051600884334792
P09958,P10600,0.1051600884334792
P10600,P09958,0.1051600884334792
P09958,Q9NYA4,0.1051600884334792
Q9NYA4,P09958,0.1051600884334792
P09958,Q14186,0
Q14186,P09958,0
P09958,Q6ZNA4,0.2609127724559987
Q6ZNA4,P09958,0.2609127724559987
P09958,P35813,0.2609127724559987
P35813,P09958,0.2609127724559987
P09958,Q14188,0
Q14188,P09958,0
P09958,Q9UNE7,0.1051600884334792
Q9UNE7,P09958,0.1051600884334792
P09958,Q13547,0.2609127724559987
Q13547,P09958,0.2609127724559987
P09958,P17275,0
P17275,P09958,0
P09958,P50750,0
P50750,P09958,0
P09958,P28749,0
P28749,P09958,0
P09958,Q13485,0.2609127724559987
Q13485,P09958,0.2609127724559987
P09958,Q09472,0
Q09472,P09958,0
Q13573,Q15583,0.2609127724559987
Q15583,Q13573,0.2609127724559987
Q13573,Q9Y5K5,0.2963850906182176
Q9Y5K5,Q13573,0.2963850906182176
Q13573,Q9HCE7,0.2963850906182176
Q9HCE7,Q13573,0.2963850906182176
Q13573,Q9Y618,0
Q9Y618,Q13573,0
Q13573,Q9HAU4,0.2963850906182176
Q9HAU4,Q13573,0.2963850906182176
Q13573,Q8N2S1,0
Q8N2S1,Q13573,0
Q13573,Q9NPB6,0
Q9NPB6,Q13573,0
Q13573,Q969W9,0.2963850906182176
Q969W9,Q13573,0.2963850906182176
Q13573,Q6ZSZ5,0
Q6ZSZ5,Q13573,0
Q13573,Q9Y4E8,0.2963850906182176
Q9Y4E8,Q13573,0.2963850906182176
Q13573,Q14766,0
Q14766,Q13573,0
Q13573,Q9P2M7,0
Q9P2M7,Q13573,0
Q13573,Q9GZN2,0.2609127724559987
Q9GZN2,Q13573,0.2609127724559987
Q13573,Q9UPN9,0
Q9UPN9,Q13573,0
Q13573,Q9NS15,0
Q9NS15,Q13573,0
Q13573,Q9UN42,0
Q9UN42,Q13573,0
Q13573,Q15329,0.2609127724559987
Q15329,Q13573,0.2609127724559987
Q13573,Q16254,0.2609127724559987
Q16254,Q13573,0.2609127724559987
Q13573,Q9Y624,0
Q9Y624,Q13573,0
Q13573,Q8TEW0,0
Q8TEW0,Q13573,0
Q13573,Q15843,0
Q15843,Q13573,0
Q13573,Q14767,0
Q14767,Q13573,0
Q13573,Q96PU5,0.2963850906182176
Q96PU5,Q13573,0.2963850906182176
Q13573,Q15796,0.2963850906182176
Q15796,Q13573,0.2963850906182176
Q13573,Q9Y3F4,0.2963850906182176
Q9Y3F4,Q13573,0.2963850906182176
Q13573,Q9GZV5,0.2609127724559987
Q9GZV5,Q13573,0.2609127724559987
Q13573,Q93008,0
Q93008,Q13573,0
Q13573,Q9NYA4,0.2963850906182176
Q9NYA4,Q13573,0.2963850906182176
Q13573,Q14186,0.2609127724559987
Q14186,Q13573,0.2609127724559987
Q13573,Q6ZNA4,0.2609127724559987
Q6ZNA4,Q13573,0.2609127724559987
Q13573,Q14188,0.2609127724559987
Q14188,Q13573,0.2609127724559987
Q13573,Q9UNE7,0.2963850906182176
Q9UNE7,Q13573,0.2963850906182176
P51668,Q15583,0.2609127724559987
Q15583,P51668,0.2609127724559987
P51668,Q9Y5K5,0.2963850906182176
Q9Y5K5,P51668,0.2963850906182176
P51668,Q9HCE7,0.2963850906182176
Q9HCE7,P51668,0.2963850906182176
P51668,P84022,0.2963850906182176
P84022,P51668,0.2963850906182176
P51668,Q9Y618,0
Q9Y618,P51668,0
P51668,Q03167,0
Q03167,P51668,0
P51668,Q9HAU4,0.2963850906182176
Q9HAU4,P51668,0.2963850906182176
P51668,P62942,0
P62942,P51668,0
P51668,Q8N2S1,0
Q8N2S1,P51668,0
P51668,Q9NPB6,0
Q9NPB6,P51668,0
P51668,Q969W9,0.2963850906182176
Q969W9,P51668,0.2963850906182176
P51668,Q6ZSZ5,0
Q6ZSZ5,P51668,0
P51668,Q9Y4E8,0.2963850906182176
Q9Y4E8,P51668,0.2963850906182176
P51668,P62140,0.2963850906182176
P62140,P51668,0.2963850906182176
P51668,Q14766,0
Q14766,P51668,0
P51668,Q13573,0
Q13573,P51668,0
P51668,P61812,0
P61812,P51668,0
P51668,P62136,0.2963850906182176
P62136,P51668,0.2963850906182176
P51668,Q9P2M7,0
Q9P2M7,P51668,0
P51668,P61586,0
P61586,P51668,0
P51668,Q9GZN2,0.2609127724559987
Q9GZN2,P51668,0.2609127724559987
P51668,P67809,0.2609127724559987
P67809,P51668,0.2609127724559987
P51668,Q9UPN9,0
Q9UPN9,P51668,0
P51668,Q9NS15,0
Q9NS15,P51668,0
P51668,Q9UN42,0
Q9UN42,P51668,0
P51668,Q15329,0.2609127724559987
Q15329,P51668,0.2609127724559987
P51668,Q16254,0.2609127724559987
Q16254,P51668,0.2609127724559987
P51668,Q13145,0.2963850906182176
Q13145,P51668,0.2963850906182176
P51668,P61077,0
P61077,P51668,0
P51668,Q9Y624,0
Q9Y624,P51668,0
P51668,P62987,0.2963850906182176
P62987,P51668,0.2963850906182176
P51668,Q8TEW0,0
Q8TEW0,P51668,0
P51668,Q15843,0
Q15843,P51668,0
P51668,Q14767,0
Q14767,P51668,0
P51668,Q96PU5,0.2963850906182176
Q96PU5,P51668,0.2963850906182176
P51668,P62979,0.2963850906182176
P62979,P51668,0.2963850906182176
P51668,Q15796,0.2963850906182176
Q15796,P51668,0.2963850906182176
P51668,Q9Y3F4,0.2963850906182176
Q9Y3F4,P51668,0.2963850906182176
P51668,P53708,0
P53708,P51668,0
P51668,P61081,0
P61081,P51668,0
P51668,Q05513,0
Q05513,P51668,0
P51668,Q9GZV5,0.2609127724559987
Q9GZV5,P51668,0.2609127724559987
P51668,Q93008,0
Q93008,P51668,0
P51668,Q9NYA4,0.2963850906182176
Q9NYA4,P51668,0.2963850906182176
P51668,Q14186,0.2609127724559987
Q14186,P51668,0.2609127724559987
P51668,Q6ZNA4,0.2609127724559987
Q6ZNA4,P51668,0.2609127724559987
P51668,Q14188,0.2609127724559987
Q14188,P51668,0.2609127724559987
P51668,Q9UNE7,0.2963850906182176
Q9UNE7,P51668,0.2963850906182176
P51668,Q13547,0.2609127724559987
Q13547,P51668,0.2609127724559987
P51668,Q13485,0.2609127724559987
Q13485,P51668,0.2609127724559987
P51668,Q09472,0.2609127724559987
Q09472,P51668,0.2609127724559987
P61812,Q15583,0.1051600884334792
Q15583,P61812,0.1051600884334792
P61812,Q9Y5K5,0.305725116872361
Q9Y5K5,P61812,0.305725116872361
P61812,Q9HCE7,0.305725116872361
Q9HCE7,P61812,0.305725116872361
P61812,P84022,0.305725116872361
P84022,P61812,0.305725116872361
P61812,Q9Y618,0
Q9Y618,P61812,0
P61812,Q03167,0
Q03167,P61812,0
P61812,Q9HAU4,0.305725116872361
Q9HAU4,P61812,0.305725116872361
P61812,P62942,0.244207078953146
P62942,P61812,0.244207078953146
P61812,Q8N2S1,0
Q8N2S1,P61812,0
P61812,Q9NPB6,0.244207078953146
Q9NPB6,P61812,0.244207078953146
P61812,Q969W9,0.305725116872361
Q969W9,P61812,0.305725116872361
P61812,Q6ZSZ5,0.244207078953146
Q6ZSZ5,P61812,0.244207078953146
P61812,Q9Y4E8,0.305725116872361
Q9Y4E8,P61812,0.305725116872361
P61812,P62140,0.305725116872361
P62140,P61812,0.305725116872361
P61812,Q14766,0
Q14766,P61812,0
P61812,Q13573,0
Q13573,P61812,0
P61812,P62136,0.305725116872361
P62136,P61812,0.305725116872361
P61812,Q9P2M7,0.244207078953146
Q9P2M7,P61812,0.244207078953146
P61812,Q9GZN2,0.1051600884334792
Q9GZN2,P61812,0.1051600884334792
P61812,P67809,0.1051600884334792
P67809,P61812,0.1051600884334792
P61812,Q9UPN9,0
Q9UPN9,P61812,0
P61812,Q9NS15,0
Q9NS15,P61812,0
P61812,Q9UN42,0
Q9UN42,P61812,0
P61812,Q15329,0.1051600884334792
Q15329,P61812,0.1051600884334792
P61812,Q16254,0.1051600884334792
Q16254,P61812,0.1051600884334792
P61812,Q13145,0.305725116872361
Q13145,P61812,0.305725116872361
P61812,Q9Y624,0.244207078953146
Q9Y624,P61812,0.244207078953146
P61812,P62987,0.305725116872361
P62987,P61812,0.305725116872361
P61812,Q8TEW0,0.244207078953146
Q8TEW0,P61812,0.244207078953146
P61812,Q15843,0
Q15843,P61812,0
P61812,Q14767,0
Q14767,P61812,0
P61812,Q96PU5,0.305725116872361
Q96PU5,P61812,0.305725116872361
P61812,P62979,0.305725116872361
P62979,P61812,0.305725116872361
P61812,Q15796,0.305725116872361
Q15796,P61812,0.305725116872361
P61812,Q9Y3F4,0.305725116872361
Q9Y3F4,P61812,0.305725116872361
P61812,Q05513,0.244207078953146
Q05513,P61812,0.244207078953146
P61812,Q9GZV5,0.1051600884334792
Q9GZV5,P61812,0.1051600884334792
P61812,Q93008,0
Q93008,P61812,0
P61812,Q9NYA4,0.305725116872361
Q9NYA4,P61812,0.305725116872361
P61812,Q14186,0.1051600884334792
Q14186,P61812,0.1051600884334792
P61812,Q6ZNA4,0.1051600884334792
Q6ZNA4,P61812,0.1051600884334792
P61812,Q14188,0.1051600884334792
Q14188,P61812,0.1051600884334792
P61812,Q9UNE7,0.305725116872361
Q9UNE7,P61812,0.305725116872361
P61812,Q13547,0.1051600884334792
Q13547,P61812,0.1051600884334792
P61812,Q13485,0.1051600884334792
Q13485,P61812,0.1051600884334792
P61812,Q09472,0.1051600884334792
Q09472,P61812,0.1051600884334792
P22681,Q15583,0.1051600884334792
Q15583,P22681,0.1051600884334792
P22681,Q9Y5K5,0.305725116872361
Q9Y5K5,P22681,0.305725116872361
P22681,Q9HCE7,0.305725116872361
Q9HCE7,P22681,0.305725116872361
P22681,P84022,0.305725116872361
P84022,P22681,0.305725116872361
P22681,Q9Y618,0
Q9Y618,P22681,0
P22681,Q03167,0
Q03167,P22681,0
P22681,Q9HAU4,0.305725116872361
Q9HAU4,P22681,0.305725116872361
P22681,P62942,0.244207078953146
P62942,P22681,0.244207078953146
P22681,Q8N2S1,0
Q8N2S1,P22681,0
P22681,Q9NPB6,0.244207078953146
Q9NPB6,P22681,0.244207078953146
P22681,Q969W9,0.305725116872361
Q969W9,P22681,0.305725116872361
P22681,Q6ZSZ5,0.244207078953146
Q6ZSZ5,P22681,0.244207078953146
P22681,Q9Y4E8,0.305725116872361
Q9Y4E8,P22681,0.305725116872361
P22681,P27361,0.1051600884334792
P27361,P22681,0.1051600884334792
P22681,P62140,0.305725116872361
P62140,P22681,0.305725116872361
P22681,Q14766,0
Q14766,P22681,0
P22681,Q13573,0
Q13573,P22681,0
P22681,P51668,0
P51668,P22681,0
P22681,P61812,0
P61812,P22681,0
P22681,P36873,0.305725116872361
P36873,P22681,0.305725116872361
P22681,P62136,0.305725116872361
P62136,P22681,0.305725116872361
P22681,Q9P2M7,0.244207078953146
Q9P2M7,P22681,0.244207078953146
P22681,P61586,0.244207078953146
P61586,P22681,0.244207078953146
P22681,Q9GZN2,0.1051600884334792
Q9GZN2,P22681,0.1051600884334792
P22681,P24863,0.1051600884334792
P24863,P22681,0.1051600884334792
P22681,P67809,0.1051600884334792
P67809,P22681,0.1051600884334792
P22681,P36897,0.305725116872361
P36897,P22681,0.305725116872361
P22681,Q9UPN9,0
Q9UPN9,P22681,0
P22681,P28482,0.1051600884334792
P28482,P22681,0.1051600884334792
P22681,P49336,0.1051600884334792
P49336,P22681,0.1051600884334792
P22681,Q9NS15,0
Q9NS15,P22681,0
P22681,Q9UN42,0
Q9UN42,P22681,0
P22681,Q15329,0.1051600884334792
Q15329,P22681,0.1051600884334792
P22681,Q16254,0.1051600884334792
Q16254,P22681,0.1051600884334792
P22681,Q13145,0.305725116872361
Q13145,P22681,0.305725116872361
P22681,P61077,0
P61077,P22681,0
P22681,Q9Y624,0.244207078953146
Q9Y624,P22681,0.244207078953146
P22681,P62987,0.305725116872361
P62987,P22681,0.305725116872361
P22681,Q8TEW0,0.244207078953146
Q8TEW0,P22681,0.244207078953146
P22681,Q15843,0
Q15843,P22681,0
P22681,Q14767,0
Q14767,P22681,0
P22681,Q96PU5,0.305725116872361
Q96PU5,P22681,0.305725116872361
P22681,P26012,0
P26012,P22681,0
P22681,P62979,0.305725116872361
P62979,P22681,0.305725116872361
P22681,Q15796,0.305725116872361
Q15796,P22681,0.305725116872361
P22681,Q9Y3F4,0.305725116872361
Q9Y3F4,P22681,0.305725116872361
P22681,P53708,0
P53708,P22681,0
P22681,P61081,0
P61081,P22681,0
P22681,Q05513,0.244207078953146
Q05513,P22681,0.244207078953146
P22681,Q9GZV5,0.1051600884334792
Q9GZV5,P22681,0.1051600884334792
P22681,P42772,0.1051600884334792
P42772,P22681,0.1051600884334792
P22681,Q93008,0
Q93008,P22681,0
P22681,P37173,0.305725116872361
P37173,P22681,0.305725116872361
P22681,Q9NYA4,0.305725116872361
Q9NYA4,P22681,0.305725116872361
P22681,Q14186,0.1051600884334792
Q14186,P22681,0.1051600884334792
P22681,Q6ZNA4,0.1051600884334792
Q6ZNA4,P22681,0.1051600884334792
P22681,P35813,0
P35813,P22681,0
P22681,Q14188,0.1051600884334792
Q14188,P22681,0.1051600884334792
P22681,Q9UNE7,0.305725116872361
Q9UNE7,P22681,0.305725116872361
P22681,Q13547,0.1051600884334792
Q13547,P22681,0.1051600884334792
P22681,P50750,0.1051600884334792
P50750,P22681,0.1051600884334792
P22681,P28749,0.1051600884334792
P28749,P22681,0.1051600884334792
P22681,Q13485,0.1051600884334792
Q13485,P22681,0.1051600884334792
P22681,Q09472,0.1051600884334792
Q09472,P22681,0.1051600884334792
P36873,Q15583,0.2963850906182176
Q15583,P36873,0.2963850906182176
P36873,Q9Y5K5,0.305725116872361
Q9Y5K5,P36873,0.305725116872361
P36873,Q9HCE7,0.305725116872361
Q9HCE7,P36873,0.305725116872361
P36873,P84022,0.305725116872361
P84022,P36873,0.305725116872361
P36873,Q9Y618,0.2963850906182176
Q9Y618,P36873,0.2963850906182176
P36873,Q03167,0.305725116872361
Q03167,P36873,0.305725116872361
P36873,Q9HAU4,0.305725116872361
Q9HAU4,P36873,0.305725116872361
P36873,P62942,0.305725116872361
P62942,P36873,0.305725116872361
P36873,Q8N2S1,0.305725116872361
Q8N2S1,P36873,0.305725116872361
P36873,Q9NPB6,0.244207078953146
Q9NPB6,P36873,0.244207078953146
P36873,Q969W9,0.305725116872361
Q969W9,P36873,0.305725116872361
P36873,Q6ZSZ5,0.244207078953146
Q6ZSZ5,P36873,0.244207078953146
P36873,Q9Y4E8,0.305725116872361
Q9Y4E8,P36873,0.305725116872361
P36873,P62140,0.305725116872361
P62140,P36873,0.305725116872361
P36873,Q14766,0.305725116872361
Q14766,P36873,0.305725116872361
P36873,Q13573,0.2963850906182176
Q13573,P36873,0.2963850906182176
P36873,P51668,0.2963850906182176
P51668,P36873,0.2963850906182176
P36873,P61812,0.305725116872361
P61812,P36873,0.305725116872361
P36873,P62136,0.305725116872361
P62136,P36873,0.305725116872361
P36873,Q9P2M7,0.244207078953146
Q9P2M7,P36873,0.244207078953146
P36873,P61586,0.244207078953146
P61586,P36873,0.244207078953146
P36873,Q9GZN2,0.2963850906182176
Q9GZN2,P36873,0.2963850906182176
P36873,P67809,0.1051600884334792
P67809,P36873,0.1051600884334792
P36873,P36897,0.305725116872361
P36897,P36873,0.305725116872361
P36873,Q9UPN9,0.2963850906182176
Q9UPN9,P36873,0.2963850906182176
P36873,P49336,0.1051600884334792
P49336,P36873,0.1051600884334792
P36873,Q9NS15,0.305725116872361
Q9NS15,P36873,0.305725116872361
P36873,Q9UN42,0.2963850906182176
Q9UN42,P36873,0.2963850906182176
P36873,Q15329,0.1051600884334792
Q15329,P36873,0.1051600884334792
P36873,Q16254,0.1051600884334792
Q16254,P36873,0.1051600884334792
P36873,Q13145,0.305725116872361
Q13145,P36873,0.305725116872361
P36873,P61077,0.2963850906182176
P61077,P36873,0.2963850906182176
P36873,Q9Y624,0.244207078953146
Q9Y624,P36873,0.244207078953146
P36873,P62987,0.305725116872361
P62987,P36873,0.305725116872361
P36873,Q8TEW0,0.244207078953146
Q8TEW0,P36873,0.244207078953146
P36873,Q15843,0.305725116872361
Q15843,P36873,0.305725116872361
P36873,Q14767,0.305725116872361
Q14767,P36873,0.305725116872361
P36873,Q96PU5,0.305725116872361
Q96PU5,P36873,0.305725116872361
P36873,P62979,0.305725116872361
P62979,P36873,0.305725116872361
P36873,Q15796,0.305725116872361
Q15796,P36873,0.305725116872361
P36873,Q9Y3F4,0.305725116872361
Q9Y3F4,P36873,0.305725116872361
P36873,P53708,0.305725116872361
P53708,P36873,0.305725116872361
P36873,P61081,0.305725116872361
P61081,P36873,0.305725116872361
P36873,Q05513,0.244207078953146
Q05513,P36873,0.244207078953146
P36873,Q9GZV5,0.2963850906182176
Q9GZV5,P36873,0.2963850906182176
P36873,P42772,0.1051600884334792
P42772,P36873,0.1051600884334792
P36873,Q93008,0.2963850906182176
Q93008,P36873,0.2963850906182176
P36873,P37173,0.305725116872361
P37173,P36873,0.305725116872361
P36873,Q9NYA4,0.305725116872361
Q9NYA4,P36873,0.305725116872361
P36873,Q14186,0.1051600884334792
Q14186,P36873,0.1051600884334792
P36873,Q6ZNA4,0.2963850906182176
Q6ZNA4,P36873,0.2963850906182176
P36873,Q14188,0.1051600884334792
Q14188,P36873,0.1051600884334792
P36873,Q9UNE7,0.305725116872361
Q9UNE7,P36873,0.305725116872361
P36873,Q13547,0.2963850906182176
Q13547,P36873,0.2963850906182176
P36873,P50750,0.1051600884334792
P50750,P36873,0.1051600884334792
P36873,Q13485,0.2963850906182176
Q13485,P36873,0.2963850906182176
P36873,Q09472,0.1051600884334792
Q09472,P36873,0.1051600884334792
P62136,Q15583,0.2963850906182176
Q15583,P62136,0.2963850906182176
P62136,Q9Y5K5,0.305725116872361
Q9Y5K5,P62136,0.305725116872361
P62136,Q9HCE7,0.305725116872361
Q9HCE7,P62136,0.305725116872361
P62136,P84022,0.305725116872361
P84022,P62136,0.305725116872361
P62136,Q9Y618,0.2963850906182176
Q9Y618,P62136,0.2963850906182176
P62136,Q03167,0.305725116872361
Q03167,P62136,0.305725116872361
P62136,Q9HAU4,0.305725116872361
Q9HAU4,P62136,0.305725116872361
P62136,P62942,0.305725116872361
P62942,P62136,0.305725116872361
P62136,Q8N2S1,0.305725116872361
Q8N2S1,P62136,0.305725116872361
P62136,Q9NPB6,0.244207078953146
Q9NPB6,P62136,0.244207078953146
P62136,Q969W9,0.305725116872361
Q969W9,P62136,0.305725116872361
P62136,Q6ZSZ5,0.244207078953146
Q6ZSZ5,P62136,0.244207078953146
P62136,Q9Y4E8,0.305725116872361
Q9Y4E8,P62136,0.305725116872361
P62136,P62140,0.305725116872361
P62140,P62136,0.305725116872361
P62136,Q14766,0.305725116872361
Q14766,P62136,0.305725116872361
P62136,Q13573,0.2963850906182176
Q13573,P62136,0.2963850906182176
P62136,Q9P2M7,0.244207078953146
Q9P2M7,P62136,0.244207078953146
P62136,Q9GZN2,0.2963850906182176
Q9GZN2,P62136,0.2963850906182176
P62136,P67809,0.1051600884334792
P67809,P62136,0.1051600884334792
P62136,Q9UPN9,0.2963850906182176
Q9UPN9,P62136,0.2963850906182176
P62136,Q9NS15,0.305725116872361
Q9NS15,P62136,0.305725116872361
P62136,Q9UN42,0.2963850906182176
Q9UN42,P62136,0.2963850906182176
P62136,Q15329,0.1051600884334792
Q15329,P62136,0.1051600884334792
P62136,Q16254,0.1051600884334792
Q16254,P62136,0.1051600884334792
P62136,Q13145,0.305725116872361
Q13145,P62136,0.305725116872361
P62136,Q9Y624,0.244207078953146
Q9Y624,P62136,0.244207078953146
P62136,P62987,0.305725116872361
P62987,P62136,0.305725116872361
P62136,Q8TEW0,0.244207078953146
Q8TEW0,P62136,0.244207078953146
P62136,Q15843,0.305725116872361
Q15843,P62136,0.305725116872361
P62136,Q14767,0.305725116872361
Q14767,P62136,0.305725116872361
P62136,Q96PU5,0.305725116872361
Q96PU5,P62136,0.305725116872361
P62136,P62979,0.305725116872361
P62979,P62136,0.305725116872361
P62136,Q15796,0.305725116872361
Q15796,P62136,0.305725116872361
P62136,Q9Y3F4,0.305725116872361
Q9Y3F4,P62136,0.305725116872361
P62136,Q05513,0.244207078953146
Q05513,P62136,0.244207078953146
P62136,Q9GZV5,0.2963850906182176
Q9GZV5,P62136,0.2963850906182176
P62136,Q93008,0.2963850906182176
Q93008,P62136,0.2963850906182176
P62136,Q9NYA4,0.305725116872361
Q9NYA4,P62136,0.305725116872361
P62136,Q14186,0.1051600884334792
Q14186,P62136,0.1051600884334792
P62136,Q6ZNA4,0.2963850906182176
Q6ZNA4,P62136,0.2963850906182176
P62136,Q14188,0.1051600884334792
Q14188,P62136,0.1051600884334792
P62136,Q9UNE7,0.305725116872361
Q9UNE7,P62136,0.305725116872361
P62136,Q13547,0.2963850906182176
Q13547,P62136,0.2963850906182176
P62136,Q13485,0.2963850906182176
Q13485,P62136,0.2963850906182176
P62136,Q09472,0.1051600884334792
Q09472,P62136,0.1051600884334792
P0CG48,Q15583,0.2963850906182176
Q15583,P0CG48,0.2963850906182176
P0CG48,Q9Y5K5,0.305725116872361
Q9Y5K5,P0CG48,0.305725116872361
P0CG48,Q9HCE7,0.305725116872361
Q9HCE7,P0CG48,0.305725116872361
P0CG48,P84022,0.305725116872361
P84022,P0CG48,0.305725116872361
P0CG48,Q9Y618,0.2963850906182176
Q9Y618,P0CG48,0.2963850906182176
P0CG48,Q03167,0.305725116872361
Q03167,P0CG48,0.305725116872361
P0CG48,Q9HAU4,0.305725116872361
Q9HAU4,P0CG48,0.305725116872361
P0CG48,P62942,0.305725116872361
P62942,P0CG48,0.305725116872361
P0CG48,Q8N2S1,0.305725116872361
Q8N2S1,P0CG48,0.305725116872361
P0CG48,Q9NPB6,0.244207078953146
Q9NPB6,P0CG48,0.244207078953146
P0CG48,Q969W9,0.305725116872361
Q969W9,P0CG48,0.305725116872361
P0CG48,Q6ZSZ5,0.244207078953146
Q6ZSZ5,P0CG48,0.244207078953146
P0CG48,Q9Y4E8,0.305725116872361
Q9Y4E8,P0CG48,0.305725116872361
P0CG48,P27361,0.2963850906182176
P27361,P0CG48,0.2963850906182176
P0CG48,P62140,0.305725116872361
P62140,P0CG48,0.305725116872361
P0CG48,Q14766,0.305725116872361
Q14766,P0CG48,0.305725116872361
P0CG48,Q13573,0.2963850906182176
Q13573,P0CG48,0.2963850906182176
P0CG48,P51668,0.2963850906182176
P51668,P0CG48,0.2963850906182176
P0CG48,P61812,0.305725116872361
P61812,P0CG48,0.305725116872361
P0CG48,P22681,0.305725116872361
P22681,P0CG48,0.305725116872361
P0CG48,P36873,0.305725116872361
P36873,P0CG48,0.305725116872361
P0CG48,P62136,0.305725116872361
P62136,P0CG48,0.305725116872361
P0CG48,Q9P2M7,0.244207078953146
Q9P2M7,P0CG48,0.244207078953146
P0CG48,P61586,0.244207078953146
P61586,P0CG48,0.244207078953146
P0CG48,Q9GZN2,0.2963850906182176
Q9GZN2,P0CG48,0.2963850906182176
P0CG48,P24863,0.2609127724559987
P24863,P0CG48,0.2609127724559987
P0CG48,P67809,0.2609127724559987
P67809,P0CG48,0.2609127724559987
P0CG48,P36897,0.305725116872361
P36897,P0CG48,0.305725116872361
P0CG48,Q9UPN9,0.2963850906182176
Q9UPN9,P0CG48,0.2963850906182176
P0CG48,P28482,0.2963850906182176
P28482,P0CG48,0.2963850906182176
P0CG48,P18084,0.305725116872361
P18084,P0CG48,0.305725116872361
P0CG48,P49336,0.2609127724559987
P49336,P0CG48,0.2609127724559987
P0CG48,Q9NS15,0.305725116872361
Q9NS15,P0CG48,0.305725116872361
P0CG48,Q9UN42,0.2963850906182176
Q9UN42,P0CG48,0.2963850906182176
P0CG48,P12757,0.2963850906182176
P12757,P0CG48,0.2963850906182176
P0CG48,Q15329,0.2609127724559987
Q15329,P0CG48,0.2609127724559987
P0CG48,P18564,0.305725116872361
P18564,P0CG48,0.305725116872361
P0CG48,Q16254,0.2609127724559987
Q16254,P0CG48,0.2609127724559987
P0CG48,Q13145,0.305725116872361
Q13145,P0CG48,0.305725116872361
P0CG48,P61077,0.2963850906182176
P61077,P0CG48,0.2963850906182176
P0CG48,Q9Y624,0.244207078953146
Q9Y624,P0CG48,0.244207078953146
P0CG48,P62987,0.305725116872361
P62987,P0CG48,0.305725116872361
P0CG48,P12755,0.2963850906182176
P12755,P0CG48,0.2963850906182176
P0CG48,Q8TEW0,0.244207078953146
Q8TEW0,P0CG48,0.244207078953146
P0CG48,Q15843,0.305725116872361
Q15843,P0CG48,0.305725116872361
P0CG48,Q14767,0.305725116872361
Q14767,P0CG48,0.305725116872361
P0CG48,Q96PU5,0.305725116872361
Q96PU5,P0CG48,0.305725116872361
P0CG48,P26012,0.305725116872361
P26012,P0CG48,0.305725116872361
P0CG48,P62979,0.305725116872361
P62979,P0CG48,0.305725116872361
P0CG48,Q15796,0.305725116872361
Q15796,P0CG48,0.305725116872361
P0CG48,Q9Y3F4,0.305725116872361
Q9Y3F4,P0CG48,0.305725116872361
P0CG48,P53708,0.305725116872361
P53708,P0CG48,0.305725116872361
P0CG48,P61081,0.305725116872361
P61081,P0CG48,0.305725116872361
P0CG48,Q05513,0.244207078953146
Q05513,P0CG48,0.244207078953146
P0CG48,Q9GZV5,0.2963850906182176
Q9GZV5,P0CG48,0.2963850906182176
P0CG48,P42772,0.2609127724559987
P42772,P0CG48,0.2609127724559987
P0CG48,Q93008,0.2963850906182176
Q93008,P0CG48,0.2963850906182176
P0CG48,P37173,0.305725116872361
P37173,P0CG48,0.305725116872361
P0CG48,P10600,0.305725116872361
P10600,P0CG48,0.305725116872361
P0CG48,Q9NYA4,0.305725116872361
Q9NYA4,P0CG48,0.305725116872361
P0CG48,Q14186,0.2609127724559987
Q14186,P0CG48,0.2609127724559987
P0CG48,Q6ZNA4,0.2963850906182176
Q6ZNA4,P0CG48,0.2963850906182176
P0CG48,P35813,0.2963850906182176
P35813,P0CG48,0.2963850906182176
P0CG48,Q14188,0.2609127724559987
Q14188,P0CG48,0.2609127724559987
P0CG48,Q9UNE7,0.305725116872361
Q9UNE7,P0CG48,0.305725116872361
P0CG48,Q13547,0.2963850906182176
Q13547,P0CG48,0.2963850906182176
P0CG48,P17275,0.2609127724559987
P17275,P0CG48,0.2609127724559987
P0CG48,P50750,0.2609127724559987
P50750,P0CG48,0.2609127724559987
P0CG48,P28749,0.2609127724559987
P28749,P0CG48,0.2609127724559987
P0CG48,Q13485,0.2963850906182176
Q13485,P0CG48,0.2963850906182176
P0CG48,Q09472,0.2609127724559987
Q09472,P0CG48,0.2609127724559987
P08123,Q15583,0.2609127724559987
Q15583,P08123,0.2609127724559987
P08123,Q9Y5K5,0.1051600884334792
Q9Y5K5,P08123,0.1051600884334792
P08123,Q9HCE7,0.1051600884334792
Q9HCE7,P08123,0.1051600884334792
P08123,P84022,0.2609127724559987
P84022,P08123,0.2609127724559987
P08123,Q9Y618,0.2609127724559987
Q9Y618,P08123,0.2609127724559987
P08123,Q03167,0.1051600884334792
Q03167,P08123,0.1051600884334792
P08123,Q9HAU4,0.2609127724559987
Q9HAU4,P08123,0.2609127724559987
P08123,P62942,0.1051600884334792
P62942,P08123,0.1051600884334792
P08123,Q8N2S1,0.1051600884334792
Q8N2S1,P08123,0.1051600884334792
P08123,Q9NPB6,0
Q9NPB6,P08123,0
P08123,Q969W9,0.1051600884334792
Q969W9,P08123,0.1051600884334792
P08123,Q6ZSZ5,0
Q6ZSZ5,P08123,0
P08123,Q9Y4E8,0.1051600884334792
Q9Y4E8,P08123,0.1051600884334792
P08123,P27361,0.2609127724559987
P27361,P08123,0.2609127724559987
P08123,P62140,0.1051600884334792
P62140,P08123,0.1051600884334792
P08123,Q14766,0.1051600884334792
Q14766,P08123,0.1051600884334792
P08123,P09958,0
P09958,P08123,0
P08123,Q13573,0.2609127724559987
Q13573,P08123,0.2609127724559987
P08123,P51668,0.2609127724559987
P51668,P08123,0.2609127724559987
P08123,P61812,0.1051600884334792
P61812,P08123,0.1051600884334792
P08123,P22681,0.1051600884334792
P22681,P08123,0.1051600884334792
P08123,P36873,0.1051600884334792
P36873,P08123,0.1051600884334792
P08123,P62136,0.1051600884334792
P62136,P08123,0.1051600884334792
P08123,P0CG48,0.2609127724559987
P0CG48,P08123,0.2609127724559987
P08123,Q9P2M7,0
Q9P2M7,P08123,0
P08123,P61586,0
P61586,P08123,0
P08123,Q9GZN2,0.2609127724559987
Q9GZN2,P08123,0.2609127724559987
P08123,P24863,0
P24863,P08123,0
P08123,P67809,0
P67809,P08123,0
P08123,P36897,0.1051600884334792
P36897,P08123,0.1051600884334792
P08123,Q9UPN9,0.2609127724559987
Q9UPN9,P08123,0.2609127724559987
P08123,P28482,0.2609127724559987
P28482,P08123,0.2609127724559987
P08123,P09874,0.2609127724559987
P09874,P08123,0.2609127724559987
P08123,P18084,0.1051600884334792
P18084,P08123,0.1051600884334792
P08123,P49336,0
P49336,P08123,0
P08123,Q9NS15,0.1051600884334792
Q9NS15,P08123,0.1051600884334792
P08123,Q9UN42,0.2609127724559987
Q9UN42,P08123,0.2609127724559987
P08123,P12757,0.2609127724559987
P12757,P08123,0.2609127724559987
P08123,Q15329,0
Q15329,P08123,0
P08123,P18564,0.1051600884334792
P18564,P08123,0.1051600884334792
P08123,Q16254,0
Q16254,P08123,0
P08123,Q13145,0.1051600884334792
Q13145,P08123,0.1051600884334792
P08123,P61077,0.2609127724559987
P61077,P08123,0.2609127724559987
P08123,Q9Y624,0
Q9Y624,P08123,0
P08123,P62987,0.2609127724559987
P62987,P08123,0.2609127724559987
P08123,P12755,0.2609127724559987
P12755,P08123,0.2609127724559987
P08123,Q8TEW0,0
Q8TEW0,P08123,0
P08123,Q15843,0.1051600884334792
Q15843,P08123,0.1051600884334792
P08123,Q14767,0.1051600884334792
Q14767,P08123,0.1051600884334792
P08123,Q96PU5,0.2609127724559987
Q96PU5,P08123,0.2609127724559987
P08123,P26012,0.1051600884334792
P26012,P08123,0.1051600884334792
P08123,P62979,0.2609127724559987
P62979,P08123,0.2609127724559987
P08123,Q15796,0.2609127724559987
Q15796,P08123,0.2609127724559987
P08123,Q9Y3F4,0.1051600884334792
Q9Y3F4,P08123,0.1051600884334792
P08123,P53708,0.1051600884334792
P53708,P08123,0.1051600884334792
P08123,P0CG47,0.2609127724559987
P0CG47,P08123,0.2609127724559987
P08123,P61081,0.1051600884334792
P61081,P08123,0.1051600884334792
P08123,Q05513,0
Q05513,P08123,0
P08123,Q9GZV5,0.2609127724559987
Q9GZV5,P08123,0.2609127724559987
P08123,P42772,0
P42772,P08123,0
P08123,Q93008,0.2609127724559987
Q93008,P08123,0.2609127724559987
P08123,P37173,0.1051600884334792
P37173,P08123,0.1051600884334792
P08123,P10600,0.1051600884334792
P10600,P08123,0.1051600884334792
P08123,Q9NYA4,0.1051600884334792
Q9NYA4,P08123,0.1051600884334792
P08123,Q14186,0
Q14186,P08123,0
P08123,Q6ZNA4,0.2609127724559987
Q6ZNA4,P08123,0.2609127724559987
P08123,P35813,0.2609127724559987
P35813,P08123,0.2609127724559987
P08123,Q14188,0
Q14188,P08123,0
P08123,Q9UNE7,0.1051600884334792
Q9UNE7,P08123,0.1051600884334792
P08123,Q13547,0.2609127724559987
Q13547,P08123,0.2609127724559987
P08123,P17275,0
P17275,P08123,0
P08123,P50750,0
P50750,P08123,0
P08123,P28749,0
P28749,P08123,0
P08123,Q13485,0.2609127724559987
Q13485,P08123,0.2609127724559987
P08123,Q09472,0
Q09472,P08123,0
Q9P2M7,Q9Y5K5,0.244207078953146
Q9Y5K5,Q9P2M7,0.244207078953146
Q9P2M7,Q9Y618,0
Q9Y618,Q9P2M7,0
Q9P2M7,Q9Y4E8,0.244207078953146
Q9Y4E8,Q9P2M7,0.244207078953146
Q9P2M7,Q9UPN9,0
Q9UPN9,Q9P2M7,0
Q9P2M7,Q9UN42,0
Q9UN42,Q9P2M7,0
Q9P2M7,Q9Y624,0
Q9Y624,Q9P2M7,0
Q9P2M7,Q9Y3F4,0.244207078953146
Q9Y3F4,Q9P2M7,0.244207078953146
Q9P2M7,Q9UNE7,0.244207078953146
Q9UNE7,Q9P2M7,0.244207078953146
P06756,Q15583,0.1051600884334792
Q15583,P06756,0.1051600884334792
P06756,Q9Y5K5,0.305725116872361
Q9Y5K5,P06756,0.305725116872361
P06756,Q9HCE7,0.305725116872361
Q9HCE7,P06756,0.305725116872361
P06756,P84022,0.305725116872361
P84022,P06756,0.305725116872361
P06756,Q9Y618,0
Q9Y618,P06756,0
P06756,Q03167,0
Q03167,P06756,0
P06756,Q9HAU4,0.305725116872361
Q9HAU4,P06756,0.305725116872361
P06756,P62942,0.244207078953146
P62942,P06756,0.244207078953146
P06756,Q8N2S1,0
Q8N2S1,P06756,0
P06756,Q9NPB6,0.244207078953146
Q9NPB6,P06756,0.244207078953146
P06756,Q969W9,0.305725116872361
Q969W9,P06756,0.305725116872361
P06756,Q6ZSZ5,0.244207078953146
Q6ZSZ5,P06756,0.244207078953146
P06756,Q9Y4E8,0.305725116872361
Q9Y4E8,P06756,0.305725116872361
P06756,P27361,0.1051600884334792
P27361,P06756,0.1051600884334792
P06756,P62140,0.305725116872361
P62140,P06756,0.305725116872361
P06756,Q14766,0
Q14766,P06756,0
P06756,P09958,0.1051600884334792
P09958,P06756,0.1051600884334792
P06756,Q13573,0
Q13573,P06756,0
P06756,P51668,0
P51668,P06756,0
P06756,P61812,0
P61812,P06756,0
P06756,P22681,0
P22681,P06756,0
P06756,P36873,0.305725116872361
P36873,P06756,0.305725116872361
P06756,P62136,0.305725116872361
P62136,P06756,0.305725116872361
P06756,P0CG48,0.305725116872361
P0CG48,P06756,0.305725116872361
P06756,P08123,0.1051600884334792
P08123,P06756,0.1051600884334792
P06756,Q9P2M7,0.244207078953146
Q9P2M7,P06756,0.244207078953146
P06756,P61586,0.244207078953146
P61586,P06756,0.244207078953146
P06756,Q9GZN2,0.1051600884334792
Q9GZN2,P06756,0.1051600884334792
P06756,P24863,0.1051600884334792
P24863,P06756,0.1051600884334792
P06756,P67809,0.1051600884334792
P67809,P06756,0.1051600884334792
P06756,P36897,0.305725116872361
P36897,P06756,0.305725116872361
P06756,Q9UPN9,0
Q9UPN9,P06756,0
P06756,P28482,0.1051600884334792
P28482,P06756,0.1051600884334792
P06756,P09874,0
P09874,P06756,0
P06756,P18084,0
P18084,P06756,0
P06756,P49336,0.1051600884334792
P49336,P06756,0.1051600884334792
P06756,Q9NS15,0
Q9NS15,P06756,0
P06756,Q9UN42,0
Q9UN42,P06756,0
P06756,P12757,0
P12757,P06756,0
P06756,Q15329,0.1051600884334792
Q15329,P06756,0.1051600884334792
P06756,P18564,0
P18564,P06756,0
P06756,P08047,0.1051600884334792
P08047,P06756,0.1051600884334792
P06756,Q16254,0.1051600884334792
Q16254,P06756,0.1051600884334792
P06756,Q13145,0.305725116872361
Q13145,P06756,0.305725116872361
P06756,P61077,0
P61077,P06756,0
P06756,Q9Y624,0.244207078953146
Q9Y624,P06756,0.244207078953146
P06756,P62987,0.305725116872361
P62987,P06756,0.305725116872361
P06756,P12755,0
P12755,P06756,0
P06756,Q8TEW0,0.244207078953146
Q8TEW0,P06756,0.244207078953146
P06756,Q15843,0
Q15843,P06756,0
P06756,Q14767,0
Q14767,P06756,0
P06756,Q96PU5,0.305725116872361
Q96PU5,P06756,0.305725116872361
P06756,P26012,0
P26012,P06756,0
P06756,P62979,0.305725116872361
P62979,P06756,0.305725116872361
P06756,Q15796,0.305725116872361
Q15796,P06756,0.305725116872361
P06756,Q9Y3F4,0.305725116872361
Q9Y3F4,P06756,0.305725116872361
P06756,P53708,0
P53708,P06756,0
P06756,P0CG47,0.305725116872361
P0CG47,P06756,0.305725116872361
P06756,P61081,0
P61081,P06756,0
P06756,Q05513,0.244207078953146
Q05513,P06756,0.244207078953146
P06756,Q9GZV5,0.1051600884334792
Q9GZV5,P06756,0.1051600884334792
P06756,P42772,0.1051600884334792
P42772,P06756,0.1051600884334792
P06756,Q93008,0
Q93008,P06756,0
P06756,P37173,0.305725116872361
P37173,P06756,0.305725116872361
P06756,P10600,0
P10600,P06756,0
P06756,Q9NYA4,0.305725116872361
Q9NYA4,P06756,0.305725116872361
P06756,Q14186,0.1051600884334792
Q14186,P06756,0.1051600884334792
P06756,Q6ZNA4,0.1051600884334792
Q6ZNA4,P06756,0.1051600884334792
P06756,P35813,0
P35813,P06756,0
P06756,Q14188,0.1051600884334792
Q14188,P06756,0.1051600884334792
P06756,Q9UNE7,0.305725116872361
Q9UNE7,P06756,0.305725116872361
P06756,Q13547,0.1051600884334792
Q13547,P06756,0.1051600884334792
P06756,P17275,0.1051600884334792
P17275,P06756,0.1051600884334792
P06756,P50750,0.1051600884334792
P50750,P06756,0.1051600884334792
P06756,P28749,0.1051600884334792
P28749,P06756,0.1051600884334792
P06756,Q13485,0.1051600884334792
Q13485,P06756,0.1051600884334792
P06756,Q09472,0.1051600884334792
Q09472,P06756,0.1051600884334792
P61586,Q15583,0
Q15583,P61586,0
P61586,Q9Y5K5,0.244207078953146
Q9Y5K5,P61586,0.244207078953146
P61586,Q9HCE7,0.244207078953146
Q9HCE7,P61586,0.244207078953146
P61586,P84022,0.244207078953146
P84022,P61586,0.244207078953146
P61586,Q9Y618,0
Q9Y618,P61586,0
P61586,Q03167,0.244207078953146
Q03167,P61586,0.244207078953146
P61586,Q9HAU4,0.244207078953146
Q9HAU4,P61586,0.244207078953146
P61586,P62942,0.244207078953146
P62942,P61586,0.244207078953146
P61586,Q8N2S1,0.244207078953146
Q8N2S1,P61586,0.244207078953146
P61586,Q9NPB6,0
Q9NPB6,P61586,0
P61586,Q969W9,0.244207078953146
Q969W9,P61586,0.244207078953146
P61586,Q6ZSZ5,0
Q6ZSZ5,P61586,0
P61586,Q9Y4E8,0.244207078953146
Q9Y4E8,P61586,0.244207078953146
P61586,P62140,0.244207078953146
P62140,P61586,0.244207078953146
P61586,Q14766,0.244207078953146
Q14766,P61586,0.244207078953146
P61586,Q13573,0
Q13573,P61586,0
P61586,P61812,0.244207078953146
P61812,P61586,0.244207078953146
P61586,P62136,0.244207078953146
P62136,P61586,0.244207078953146
P61586,Q9P2M7,0
Q9P2M7,P61586,0
P61586,Q9GZN2,0
Q9GZN2,P61586,0
P61586,P67809,0
P67809,P61586,0
P61586,Q9UPN9,0
Q9UPN9,P61586,0
P61586,Q9NS15,0.244207078953146
Q9NS15,P61586,0.244207078953146
P61586,Q9UN42,0
Q9UN42,P61586,0
P61586,Q15329,0
Q15329,P61586,0
P61586,Q16254,0
Q16254,P61586,0
P61586,Q13145,0.244207078953146
Q13145,P61586,0.244207078953146
P61586,Q9Y624,0
Q9Y624,P61586,0
P61586,P62987,0.244207078953146
P62987,P61586,0.244207078953146
P61586,Q8TEW0,0
Q8TEW0,P61586,0
P61586,Q15843,0.244207078953146
Q15843,P61586,0.244207078953146
P61586,Q14767,0.244207078953146
Q14767,P61586,0.244207078953146
P61586,Q96PU5,0.244207078953146
Q96PU5,P61586,0.244207078953146
P61586,P62979,0.244207078953146
P62979,P61586,0.244207078953146
P61586,Q15796,0.244207078953146
Q15796,P61586,0.244207078953146
P61586,Q9Y3F4,0.244207078953146
Q9Y3F4,P61586,0.244207078953146
P61586,Q05513,0
Q05513,P61586,0
P61586,Q9GZV5,0
Q9GZV5,P61586,0
P61586,Q93008,0
Q93008,P61586,0
P61586,Q9NYA4,0.244207078953146
Q9NYA4,P61586,0.244207078953146
P61586,Q14186,0
Q14186,P61586,0
P61586,Q6ZNA4,0
Q6ZNA4,P61586,0
P61586,Q14188,0
Q14188,P61586,0
P61586,Q9UNE7,0.244207078953146
Q9UNE7,P61586,0.244207078953146
P61586,Q13547,0
Q13547,P61586,0
P61586,Q13485,0
Q13485,P61586,0
P61586,Q09472,0
Q09472,P61586,0
Q9GZN2,Q9Y5K5,0.2963850906182176
Q9Y5K5,Q9GZN2,0.2963850906182176
Q9GZN2,Q9HCE7,0.2963850906182176
Q9HCE7,Q9GZN2,0.2963850906182176
Q9GZN2,Q9Y618,0.2609127724559987
Q9Y618,Q9GZN2,0.2609127724559987
Q9GZN2,Q9HAU4,0.2963850906182176
Q9HAU4,Q9GZN2,0.2963850906182176
Q9GZN2,Q9NPB6,0
Q9NPB6,Q9GZN2,0
Q9GZN2,Q9Y4E8,0.2963850906182176
Q9Y4E8,Q9GZN2,0.2963850906182176
Q9GZN2,Q9P2M7,0
Q9P2M7,Q9GZN2,0
Q9GZN2,Q9UPN9,0.2609127724559987
Q9UPN9,Q9GZN2,0.2609127724559987
Q9GZN2,Q9NS15,0.1051600884334792
Q9NS15,Q9GZN2,0.1051600884334792
Q9GZN2,Q9UN42,0.2609127724559987
Q9UN42,Q9GZN2,0.2609127724559987
Q9GZN2,Q9Y624,0
Q9Y624,Q9GZN2,0
Q9GZN2,Q9Y3F4,0.2963850906182176
Q9Y3F4,Q9GZN2,0.2963850906182176
Q9GZN2,Q9GZV5,0.2609127724559987
Q9GZV5,Q9GZN2,0.2609127724559987
Q9GZN2,Q9NYA4,0.2963850906182176
Q9NYA4,Q9GZN2,0.2963850906182176
Q9GZN2,Q9UNE7,0.2963850906182176
Q9UNE7,Q9GZN2,0.2963850906182176
P24863,Q15583,0.2609127724559987
Q15583,P24863,0.2609127724559987
P24863,Q9Y5K5,0.1051600884334792
Q9Y5K5,P24863,0.1051600884334792
P24863,Q9HCE7,0.1051600884334792
Q9HCE7,P24863,0.1051600884334792
P24863,P84022,0.2609127724559987
P84022,P24863,0.2609127724559987
P24863,Q9Y618,0.2609127724559987
Q9Y618,P24863,0.2609127724559987
P24863,Q03167,0.1051600884334792
Q03167,P24863,0.1051600884334792
P24863,Q9HAU4,0.2609127724559987
Q9HAU4,P24863,0.2609127724559987
P24863,P62942,0.1051600884334792
P62942,P24863,0.1051600884334792
P24863,Q8N2S1,0.1051600884334792
Q8N2S1,P24863,0.1051600884334792
P24863,Q9NPB6,0
Q9NPB6,P24863,0
P24863,Q969W9,0.1051600884334792
Q969W9,P24863,0.1051600884334792
P24863,Q6ZSZ5,0
Q6ZSZ5,P24863,0
P24863,Q9Y4E8,0.1051600884334792
Q9Y4E8,P24863,0.1051600884334792
P24863,P27361,0.2609127724559987
P27361,P24863,0.2609127724559987
P24863,P62140,0.1051600884334792
P62140,P24863,0.1051600884334792
P24863,Q14766,0.1051600884334792
Q14766,P24863,0.1051600884334792
P24863,Q13573,0.2609127724559987
Q13573,P24863,0.2609127724559987
P24863,P51668,0.2609127724559987
P51668,P24863,0.2609127724559987
P24863,P61812,0.1051600884334792
P61812,P24863,0.1051600884334792
P24863,P36873,0.1051600884334792
P36873,P24863,0.1051600884334792
P24863,P62136,0.1051600884334792
P62136,P24863,0.1051600884334792
P24863,Q9P2M7,0
Q9P2M7,P24863,0
P24863,P61586,0
P61586,P24863,0
P24863,Q9GZN2,0.2609127724559987
Q9GZN2,P24863,0.2609127724559987
P24863,P67809,0
P67809,P24863,0
P24863,P36897,0.1051600884334792
P36897,P24863,0.1051600884334792
P24863,Q9UPN9,0.2609127724559987
Q9UPN9,P24863,0.2609127724559987
P24863,P28482,0.2609127724559987
P28482,P24863,0.2609127724559987
P24863,P49336,0
P49336,P24863,0
P24863,Q9NS15,0.1051600884334792
Q9NS15,P24863,0.1051600884334792
P24863,Q9UN42,0.2609127724559987
Q9UN42,P24863,0.2609127724559987
P24863,Q15329,0
Q15329,P24863,0
P24863,Q16254,0
Q16254,P24863,0
P24863,Q13145,0.1051600884334792
Q13145,P24863,0.1051600884334792
P24863,P61077,0.2609127724559987
P61077,P24863,0.2609127724559987
P24863,Q9Y624,0
Q9Y624,P24863,0
P24863,P62987,0.2609127724559987
P62987,P24863,0.2609127724559987
P24863,Q8TEW0,0
Q8TEW0,P24863,0
P24863,Q15843,0.1051600884334792
Q15843,P24863,0.1051600884334792
P24863,Q14767,0.1051600884334792
Q14767,P24863,0.1051600884334792
P24863,Q96PU5,0.2609127724559987
Q96PU5,P24863,0.2609127724559987
P24863,P26012,0.1051600884334792
P26012,P24863,0.1051600884334792
P24863,P62979,0.2609127724559987
P62979,P24863,0.2609127724559987
P24863,Q15796,0.2609127724559987
Q15796,P24863,0.2609127724559987
P24863,Q9Y3F4,0.1051600884334792
Q9Y3F4,P24863,0.1051600884334792
P24863,P53708,0.1051600884334792
P53708,P24863,0.1051600884334792
P24863,P61081,0.1051600884334792
P61081,P24863,0.1051600884334792
P24863,Q05513,0
Q05513,P24863,0
P24863,Q9GZV5,0.2609127724559987
Q9GZV5,P24863,0.2609127724559987
P24863,P42772,0
P42772,P24863,0
P24863,Q93008,0.2609127724559987
Q93008,P24863,0.2609127724559987
P24863,P37173,0.1051600884334792
P37173,P24863,0.1051600884334792
P24863,Q9NYA4,0.1051600884334792
Q9NYA4,P24863,0.1051600884334792
P24863,Q14186,0
Q14186,P24863,0
P24863,Q6ZNA4,0.2609127724559987
Q6ZNA4,P24863,0.2609127724559987
P24863,P35813,0.2609127724559987
P35813,P24863,0.2609127724559987
P24863,Q14188,0
Q14188,P24863,0
P24863,Q9UNE7,0.1051600884334792
Q9UNE7,P24863,0.1051600884334792
P24863,Q13547,0.2609127724559987
Q13547,P24863,0.2609127724559987
P24863,P50750,0
P50750,P24863,0
P24863,P28749,0
P28749,P24863,0
P24863,Q13485,0.2609127724559987
Q13485,P24863,0.2609127724559987
P24863,Q09472,0
Q09472,P24863,0
P67809,Q15583,0.2609127724559987
Q15583,P67809,0.2609127724559987
P67809,Q9Y5K5,0.1051600884334792
Q9Y5K5,P67809,0.1051600884334792
P67809,Q9HCE7,0.1051600884334792
Q9HCE7,P67809,0.1051600884334792
P67809,P84022,0.2609127724559987
P84022,P67809,0.2609127724559987
P67809,Q9Y618,0.2609127724559987
Q9Y618,P67809,0.2609127724559987
P67809,Q03167,0.1051600884334792
Q03167,P67809,0.1051600884334792
P67809,Q9HAU4,0.2609127724559987
Q9HAU4,P67809,0.2609127724559987
P67809,Q8N2S1,0.1051600884334792
Q8N2S1,P67809,0.1051600884334792
P67809,Q9NPB6,0
Q9NPB6,P67809,0
P67809,Q969W9,0.1051600884334792
Q969W9,P67809,0.1051600884334792
P67809,Q6ZSZ5,0
Q6ZSZ5,P67809,0
P67809,Q9Y4E8,0.1051600884334792
Q9Y4E8,P67809,0.1051600884334792
P67809,Q14766,0.1051600884334792
Q14766,P67809,0.1051600884334792
P67809,Q13573,0.2609127724559987
Q13573,P67809,0.2609127724559987
P67809,Q9P2M7,0
Q9P2M7,P67809,0
P67809,Q9GZN2,0.2609127724559987
Q9GZN2,P67809,0.2609127724559987
P67809,Q9UPN9,0.2609127724559987
Q9UPN9,P67809,0.2609127724559987
P67809,Q9NS15,0.1051600884334792
Q9NS15,P67809,0.1051600884334792
P67809,Q9UN42,0.2609127724559987
Q9UN42,P67809,0.2609127724559987
P67809,Q15329,0
Q15329,P67809,0
P67809,Q16254,0
Q16254,P67809,0
P67809,Q13145,0.1051600884334792
Q13145,P67809,0.1051600884334792
P67809,Q9Y624,0
Q9Y624,P67809,0
P67809,Q8TEW0,0
Q8TEW0,P67809,0
P67809,Q15843,0.1051600884334792
Q15843,P67809,0.1051600884334792
P67809,Q14767,0.1051600884334792
Q14767,P67809,0.1051600884334792
P67809,Q96PU5,0.2609127724559987
Q96PU5,P67809,0.2609127724559987
P67809,Q15796,0.2609127724559987
Q15796,P67809,0.2609127724559987
P67809,Q9Y3F4,0.1051600884334792
Q9Y3F4,P67809,0.1051600884334792
P67809,Q05513,0
Q05513,P67809,0
P67809,Q9GZV5,0.2609127724559987
Q9GZV5,P67809,0.2609127724559987
P67809,Q93008,0.2609127724559987
Q93008,P67809,0.2609127724559987
P67809,Q9NYA4,0.1051600884334792
Q9NYA4,P67809,0.1051600884334792
P67809,Q14186,0
Q14186,P67809,0
P67809,Q6ZNA4,0.2609127724559987
Q6ZNA4,P67809,0.2609127724559987
P67809,Q14188,0
Q14188,P67809,0
P67809,Q9UNE7,0.1051600884334792
Q9UNE7,P67809,0.1051600884334792
P67809,Q13547,0.2609127724559987
Q13547,P67809,0.2609127724559987
P67809,Q13485,0.2609127724559987
Q13485,P67809,0.2609127724559987
P67809,Q09472,0
Q09472,P67809,0
P36897,Q15583,0.2963850906182176
Q15583,P36897,0.2963850906182176
P36897,Q9Y5K5,0.305725116872361
Q9Y5K5,P36897,0.305725116872361
P36897,Q9HCE7,0.305725116872361
Q9HCE7,P36897,0.305725116872361
P36897,P84022,0.305725116872361
P84022,P36897,0.305725116872361
P36897,Q9Y618,0.2963850906182176
Q9Y618,P36897,0.2963850906182176
P36897,Q03167,0.305725116872361
Q03167,P36897,0.305725116872361
P36897,Q9HAU4,0.305725116872361
Q9HAU4,P36897,0.305725116872361
P36897,P62942,0.305725116872361
P62942,P36897,0.305725116872361
P36897,Q8N2S1,0.305725116872361
Q8N2S1,P36897,0.305725116872361
P36897,Q9NPB6,0.244207078953146
Q9NPB6,P36897,0.244207078953146
P36897,Q969W9,0.305725116872361
Q969W9,P36897,0.305725116872361
P36897,Q6ZSZ5,0.244207078953146
Q6ZSZ5,P36897,0.244207078953146
P36897,Q9Y4E8,0.305725116872361
Q9Y4E8,P36897,0.305725116872361
P36897,P62140,0.305725116872361
P62140,P36897,0.305725116872361
P36897,Q14766,0.305725116872361
Q14766,P36897,0.305725116872361
P36897,Q13573,0.2963850906182176
Q13573,P36897,0.2963850906182176
P36897,P51668,0.2963850906182176
P51668,P36897,0.2963850906182176
P36897,P61812,0.305725116872361
P61812,P36897,0.305725116872361
P36897,P62136,0.305725116872361
P62136,P36897,0.305725116872361
P36897,Q9P2M7,0.244207078953146
Q9P2M7,P36897,0.244207078953146
P36897,P61586,0.244207078953146
P61586,P36897,0.244207078953146
P36897,Q9GZN2,0.2963850906182176
Q9GZN2,P36897,0.2963850906182176
P36897,P67809,0.1051600884334792
P67809,P36897,0.1051600884334792
P36897,Q9UPN9,0.2963850906182176
Q9UPN9,P36897,0.2963850906182176
P36897,P49336,0.1051600884334792
P49336,P36897,0.1051600884334792
P36897,Q9NS15,0.305725116872361
Q9NS15,P36897,0.305725116872361
P36897,Q9UN42,0.2963850906182176
Q9UN42,P36897,0.2963850906182176
P36897,Q15329,0.1051600884334792
Q15329,P36897,0.1051600884334792
P36897,Q16254,0.1051600884334792
Q16254,P36897,0.1051600884334792
P36897,Q13145,0.305725116872361
Q13145,P36897,0.305725116872361
P36897,P61077,0.2963850906182176
P61077,P36897,0.2963850906182176
P36897,Q9Y624,0.244207078953146
Q9Y624,P36897,0.244207078953146
P36897,P62987,0.305725116872361
P62987,P36897,0.305725116872361
P36897,Q8TEW0,0.244207078953146
Q8TEW0,P36897,0.244207078953146
P36897,Q15843,0.305725116872361
Q15843,P36897,0.305725116872361
P36897,Q14767,0.305725116872361
Q14767,P36897,0.305725116872361
P36897,Q96PU5,0.305725116872361
Q96PU5,P36897,0.305725116872361
P36897,P62979,0.305725116872361
P62979,P36897,0.305725116872361
P36897,Q15796,0.305725116872361
Q15796,P36897,0.305725116872361
P36897,Q9Y3F4,0.305725116872361
Q9Y3F4,P36897,0.305725116872361
P36897,P53708,0.305725116872361
P53708,P36897,0.305725116872361
P36897,P61081,0.305725116872361
P61081,P36897,0.305725116872361
P36897,Q05513,0.244207078953146
Q05513,P36897,0.244207078953146
P36897,Q9GZV5,0.2963850906182176
Q9GZV5,P36897,0.2963850906182176
P36897,P42772,0.1051600884334792
P42772,P36897,0.1051600884334792
P36897,Q93008,0.2963850906182176
Q93008,P36897,0.2963850906182176
P36897,P37173,0.305725116872361
P37173,P36897,0.305725116872361
P36897,Q9NYA4,0.305725116872361
Q9NYA4,P36897,0.305725116872361
P36897,Q14186,0.1051600884334792
Q14186,P36897,0.1051600884334792
P36897,Q6ZNA4,0.2963850906182176
Q6ZNA4,P36897,0.2963850906182176
P36897,Q14188,0.1051600884334792
Q14188,P36897,0.1051600884334792
P36897,Q9UNE7,0.305725116872361
Q9UNE7,P36897,0.305725116872361
P36897,Q13547,0.2963850906182176
Q13547,P36897,0.2963850906182176
P36897,P50750,0.1051600884334792
P50750,P36897,0.1051600884334792
P36897,Q13485,0.2963850906182176
Q13485,P36897,0.2963850906182176
P36897,Q09472,0.1051600884334792
Q09472,P36897,0.1051600884334792
Q9UPN9,Q9Y5K5,0.2963850906182176
Q9Y5K5,Q9UPN9,0.2963850906182176
Q9UPN9,Q9Y618,0
Q9Y618,Q9UPN9,0
Q9UPN9,Q9Y4E8,0.2963850906182176
Q9Y4E8,Q9UPN9,0.2963850906182176
Q9UPN9,Q9Y624,0
Q9Y624,Q9UPN9,0
Q9UPN9,Q9Y3F4,0.2963850906182176
Q9Y3F4,Q9UPN9,0.2963850906182176
P28482,Q15583,0.2609127724559987
Q15583,P28482,0.2609127724559987
P28482,Q9Y5K5,0.2963850906182176
Q9Y5K5,P28482,0.2963850906182176
P28482,Q9HCE7,0.2963850906182176
Q9HCE7,P28482,0.2963850906182176
P28482,P84022,0.2963850906182176
P84022,P28482,0.2963850906182176
P28482,Q9Y618,0.2609127724559987
Q9Y618,P28482,0.2609127724559987
P28482,Q03167,0.1051600884334792
Q03167,P28482,0.1051600884334792
P28482,Q9HAU4,0.2963850906182176
Q9HAU4,P28482,0.2963850906182176
P28482,P62942,0.1051600884334792
P62942,P28482,0.1051600884334792
P28482,Q8N2S1,0.1051600884334792
Q8N2S1,P28482,0.1051600884334792
P28482,Q9NPB6,0
Q9NPB6,P28482,0
P28482,Q969W9,0.2963850906182176
Q969W9,P28482,0.2963850906182176
P28482,Q6ZSZ5,0
Q6ZSZ5,P28482,0
P28482,Q9Y4E8,0.2963850906182176
Q9Y4E8,P28482,0.2963850906182176
P28482,P62140,0.2963850906182176
P62140,P28482,0.2963850906182176
P28482,Q14766,0.1051600884334792
Q14766,P28482,0.1051600884334792
P28482,Q13573,0.2609127724559987
Q13573,P28482,0.2609127724559987
P28482,P51668,0.2609127724559987
P51668,P28482,0.2609127724559987
P28482,P61812,0.1051600884334792
P61812,P28482,0.1051600884334792
P28482,P36873,0.2963850906182176
P36873,P28482,0.2963850906182176
P28482,P62136,0.2963850906182176
P62136,P28482,0.2963850906182176
P28482,Q9P2M7,0
Q9P2M7,P28482,0
P28482,P61586,0
P61586,P28482,0
P28482,Q9GZN2,0.2609127724559987
Q9GZN2,P28482,0.2609127724559987
P28482,P67809,0.2609127724559987
P67809,P28482,0.2609127724559987
P28482,P36897,0.2963850906182176
P36897,P28482,0.2963850906182176
P28482,Q9UPN9,0.2609127724559987
Q9UPN9,P28482,0.2609127724559987
P28482,P49336,0.2609127724559987
P49336,P28482,0.2609127724559987
P28482,Q9NS15,0.1051600884334792
Q9NS15,P28482,0.1051600884334792
P28482,Q9UN42,0.2609127724559987
Q9UN42,P28482,0.2609127724559987
P28482,Q15329,0.2609127724559987
Q15329,P28482,0.2609127724559987
P28482,Q16254,0.2609127724559987
Q16254,P28482,0.2609127724559987
P28482,Q13145,0.2963850906182176
Q13145,P28482,0.2963850906182176
P28482,P61077,0.2609127724559987
P61077,P28482,0.2609127724559987
P28482,Q9Y624,0
Q9Y624,P28482,0
P28482,P62987,0.2963850906182176
P62987,P28482,0.2963850906182176
P28482,Q8TEW0,0
Q8TEW0,P28482,0
P28482,Q15843,0.1051600884334792
Q15843,P28482,0.1051600884334792
P28482,Q14767,0.1051600884334792
Q14767,P28482,0.1051600884334792
P28482,Q96PU5,0.2963850906182176
Q96PU5,P28482,0.2963850906182176
P28482,P62979,0.2963850906182176
P62979,P28482,0.2963850906182176
P28482,Q15796,0.2963850906182176
Q15796,P28482,0.2963850906182176
P28482,Q9Y3F4,0.2963850906182176
Q9Y3F4,P28482,0.2963850906182176
P28482,P53708,0.1051600884334792
P53708,P28482,0.1051600884334792
P28482,P61081,0.1051600884334792
P61081,P28482,0.1051600884334792
P28482,Q05513,0
Q05513,P28482,0
P28482,Q9GZV5,0.2609127724559987
Q9GZV5,P28482,0.2609127724559987
P28482,P42772,0.2609127724559987
P42772,P28482,0.2609127724559987
P28482,Q93008,0.2609127724559987
Q93008,P28482,0.2609127724559987
P28482,P37173,0.2963850906182176
P37173,P28482,0.2963850906182176
P28482,Q9NYA4,0.2963850906182176
Q9NYA4,P28482,0.2963850906182176
P28482,Q14186,0.2609127724559987
Q14186,P28482,0.2609127724559987
P28482,Q6ZNA4,0.2609127724559987
Q6ZNA4,P28482,0.2609127724559987
P28482,P35813,0.2609127724559987
P35813,P28482,0.2609127724559987
P28482,Q14188,0.2609127724559987
Q14188,P28482,0.2609127724559987
P28482,Q9UNE7,0.2963850906182176
Q9UNE7,P28482,0.2963850906182176
P28482,Q13547,0.2609127724559987
Q13547,P28482,0.2609127724559987
P28482,P50750,0.2609127724559987
P50750,P28482,0.2609127724559987
P28482,P28749,0.2609127724559987
P28749,P28482,0.2609127724559987
P28482,Q13485,0.2609127724559987
Q13485,P28482,0.2609127724559987
P28482,Q09472,0.2609127724559987
Q09472,P28482,0.2609127724559987
P01137,Q15583,0.2963850906182176
Q15583,P01137,0.2963850906182176
P01137,Q9Y5K5,0.305725116872361
Q9Y5K5,P01137,0.305725116872361
P01137,Q9HCE7,0.305725116872361
Q9HCE7,P01137,0.305725116872361
P01137,P84022,0.305725116872361
P84022,P01137,0.305725116872361
P01137,Q9Y618,0.2963850906182176
Q9Y618,P01137,0.2963850906182176
P01137,Q03167,0.305725116872361
Q03167,P01137,0.305725116872361
P01137,Q9HAU4,0.305725116872361
Q9HAU4,P01137,0.305725116872361
P01137,P62942,0.305725116872361
P62942,P01137,0.305725116872361
P01137,Q8N2S1,0.305725116872361
Q8N2S1,P01137,0.305725116872361
P01137,Q9NPB6,0.244207078953146
Q9NPB6,P01137,0.244207078953146
P01137,Q969W9,0.305725116872361
Q969W9,P01137,0.305725116872361
P01137,Q6ZSZ5,0.244207078953146
Q6ZSZ5,P01137,0.244207078953146
P01137,Q9Y4E8,0.305725116872361
Q9Y4E8,P01137,0.305725116872361
P01137,P27361,0.2963850906182176
P27361,P01137,0.2963850906182176
P01137,P62140,0.305725116872361
P62140,P01137,0.305725116872361
P01137,Q14766,0.305725116872361
Q14766,P01137,0.305725116872361
P01137,P09958,0.1051600884334792
P09958,P01137,0.1051600884334792
P01137,Q13573,0.2963850906182176
Q13573,P01137,0.2963850906182176
P01137,P51668,0.2963850906182176
P51668,P01137,0.2963850906182176
P01137,P61812,0.305725116872361
P61812,P01137,0.305725116872361
P01137,P22681,0.305725116872361
P22681,P01137,0.305725116872361
P01137,P36873,0.305725116872361
P36873,P01137,0.305725116872361
P01137,P62136,0.305725116872361
P62136,P01137,0.305725116872361
P01137,P0CG48,0.305725116872361
P0CG48,P01137,0.305725116872361
P01137,P08123,0.1051600884334792
P08123,P01137,0.1051600884334792
P01137,Q9P2M7,0.244207078953146
Q9P2M7,P01137,0.244207078953146
P01137,P06756,0.305725116872361
P06756,P01137,0.305725116872361
P01137,P61586,0.244207078953146
P61586,P01137,0.244207078953146
P01137,Q9GZN2,0.2963850906182176
Q9GZN2,P01137,0.2963850906182176
P01137,P24863,0.1051600884334792
P24863,P01137,0.1051600884334792
P01137,P67809,0.1051600884334792
P67809,P01137,0.1051600884334792
P01137,P36897,0.305725116872361
P36897,P01137,0.305725116872361
P01137,Q9UPN9,0.2963850906182176
Q9UPN9,P01137,0.2963850906182176
P01137,P28482,0.2963850906182176
P28482,P01137,0.2963850906182176
P01137,P09874,0.2963850906182176
P09874,P01137,0.2963850906182176
P01137,P18084,0.305725116872361
P18084,P01137,0.305725116872361
P01137,P49336,0.1051600884334792
P49336,P01137,0.1051600884334792
P01137,Q9NS15,0.305725116872361
Q9NS15,P01137,0.305725116872361
P01137,Q9UN42,0.2963850906182176
Q9UN42,P01137,0.2963850906182176
P01137,P12757,0.2963850906182176
P12757,P01137,0.2963850906182176
P01137,Q15329,0.1051600884334792
Q15329,P01137,0.1051600884334792
P01137,P05556,0.305725116872361
P05556,P01137,0.305725116872361
P01137,P18564,0.305725116872361
P18564,P01137,0.305725116872361
P01137,P08047,0.1051600884334792
P08047,P01137,0.1051600884334792
P01137,Q16254,0.1051600884334792
Q16254,P01137,0.1051600884334792
P01137,P05121,0.1051600884334792
P05121,P01137,0.1051600884334792
P01137,Q13145,0.305725116872361
Q13145,P01137,0.305725116872361
P01137,P61077,0.2963850906182176
P61077,P01137,0.2963850906182176
P01137,Q9Y624,0.244207078953146
Q9Y624,P01137,0.244207078953146
P01137,P62987,0.305725116872361
P62987,P01137,0.305725116872361
P01137,P12755,0.2963850906182176
P12755,P01137,0.2963850906182176
P01137,Q8TEW0,0.244207078953146
Q8TEW0,P01137,0.244207078953146
P01137,Q15843,0.305725116872361
Q15843,P01137,0.305725116872361
P01137,Q14767,0.305725116872361
Q14767,P01137,0.305725116872361
P01137,Q96PU5,0.305725116872361
Q96PU5,P01137,0.305725116872361
P01137,P26012,0.305725116872361
P26012,P01137,0.305725116872361
P01137,P62979,0.305725116872361
P62979,P01137,0.305725116872361
P01137,Q15796,0.305725116872361
Q15796,P01137,0.305725116872361
P01137,Q9Y3F4,0.305725116872361
Q9Y3F4,P01137,0.305725116872361
P01137,P53708,0.305725116872361
P53708,P01137,0.305725116872361
P01137,P0CG47,0.305725116872361
P0CG47,P01137,0.305725116872361
P01137,P61081,0.305725116872361
P61081,P01137,0.305725116872361
P01137,Q05513,0.244207078953146
Q05513,P01137,0.244207078953146
P01137,Q9GZV5,0.2963850906182176
Q9GZV5,P01137,0.2963850906182176
P01137,P42772,0.1051600884334792
P42772,P01137,0.1051600884334792
P01137,Q93008,0.2963850906182176
Q93008,P01137,0.2963850906182176
P01137,P37173,0.305725116872361
P37173,P01137,0.305725116872361
P01137,P10600,0.305725116872361
P10600,P01137,0.305725116872361
P01137,P05106,0.305725116872361
P05106,P01137,0.305725116872361
P01137,Q9NYA4,0.305725116872361
Q9NYA4,P01137,0.305725116872361
P01137,Q14186,0.1051600884334792
Q14186,P01137,0.1051600884334792
P01137,Q6ZNA4,0.2963850906182176
Q6ZNA4,P01137,0.2963850906182176
P01137,P35813,0.2963850906182176
P35813,P01137,0.2963850906182176
P01137,Q14188,0.1051600884334792
Q14188,P01137,0.1051600884334792
P01137,Q9UNE7,0.305725116872361
Q9UNE7,P01137,0.305725116872361
P01137,Q13547,0.2963850906182176
Q13547,P01137,0.2963850906182176
P01137,P17275,0.1051600884334792
P17275,P01137,0.1051600884334792
P01137,P50750,0.1051600884334792
P50750,P01137,0.1051600884334792
P01137,P28749,0.1051600884334792
P28749,P01137,0.1051600884334792
P01137,Q13485,0.2963850906182176
Q13485,P01137,0.2963850906182176
P01137,Q09472,0.1051600884334792
Q09472,P01137,0.1051600884334792
P09874,Q15583,0.2609127724559987
Q15583,P09874,0.2609127724559987
P09874,Q9Y5K5,0.2963850906182176
Q9Y5K5,P09874,0.2963850906182176
P09874,Q9HCE7,0.2963850906182176
Q9HCE7,P09874,0.2963850906182176
P09874,P84022,0.2963850906182176
P84022,P09874,0.2963850906182176
P09874,Q9Y618,0
Q9Y618,P09874,0
P09874,Q03167,0
Q03167,P09874,0
P09874,Q9HAU4,0.2963850906182176
Q9HAU4,P09874,0.2963850906182176
P09874,P62942,0
P62942,P09874,0
P09874,Q8N2S1,0
Q8N2S1,P09874,0
P09874,Q9NPB6,0
Q9NPB6,P09874,0
P09874,Q969W9,0.2963850906182176
Q969W9,P09874,0.2963850906182176
P09874,Q6ZSZ5,0
Q6ZSZ5,P09874,0
P09874,Q9Y4E8,0.2963850906182176
Q9Y4E8,P09874,0.2963850906182176
P09874,P27361,0.2609127724559987
P27361,P09874,0.2609127724559987
P09874,P62140,0.2963850906182176
P62140,P09874,0.2963850906182176
P09874,Q14766,0
Q14766,P09874,0
P09874,P09958,0.2609127724559987
P09958,P09874,0.2609127724559987
P09874,Q13573,0
Q13573,P09874,0
P09874,P51668,0
P51668,P09874,0
P09874,P61812,0
P61812,P09874,0
P09874,P22681,0
P22681,P09874,0
P09874,P36873,0.2963850906182176
P36873,P09874,0.2963850906182176
P09874,P62136,0.2963850906182176
P62136,P09874,0.2963850906182176
P09874,P0CG48,0.2963850906182176
P0CG48,P09874,0.2963850906182176
P09874,Q9P2M7,0
Q9P2M7,P09874,0
P09874,P61586,0
P61586,P09874,0
P09874,Q9GZN2,0.2609127724559987
Q9GZN2,P09874,0.2609127724559987
P09874,P24863,0.2609127724559987
P24863,P09874,0.2609127724559987
P09874,P67809,0.2609127724559987
P67809,P09874,0.2609127724559987
P09874,P36897,0.2963850906182176
P36897,P09874,0.2963850906182176
P09874,Q9UPN9,0
Q9UPN9,P09874,0
P09874,P28482,0.2609127724559987
P28482,P09874,0.2609127724559987
P09874,P18084,0
P18084,P09874,0
P09874,P49336,0.2609127724559987
P49336,P09874,0.2609127724559987
P09874,Q9NS15,0
Q9NS15,P09874,0
P09874,Q9UN42,0
Q9UN42,P09874,0
P09874,P12757,0
P12757,P09874,0
P09874,Q15329,0.2609127724559987
Q15329,P09874,0.2609127724559987
P09874,P18564,0
P18564,P09874,0
P09874,Q16254,0.2609127724559987
Q16254,P09874,0.2609127724559987
P09874,Q13145,0.2963850906182176
Q13145,P09874,0.2963850906182176
P09874,P61077,0
P61077,P09874,0
P09874,Q9Y624,0
Q9Y624,P09874,0
P09874,P62987,0.2963850906182176
P62987,P09874,0.2963850906182176
P09874,P12755,0
P12755,P09874,0
P09874,Q8TEW0,0
Q8TEW0,P09874,0
P09874,Q15843,0
Q15843,P09874,0
P09874,Q14767,0
Q14767,P09874,0
P09874,Q96PU5,0.2963850906182176
Q96PU5,P09874,0.2963850906182176
P09874,P26012,0
P26012,P09874,0
P09874,P62979,0.2963850906182176
P62979,P09874,0.2963850906182176
P09874,Q15796,0.2963850906182176
Q15796,P09874,0.2963850906182176
P09874,Q9Y3F4,0.2963850906182176
Q9Y3F4,P09874,0.2963850906182176
P09874,P53708,0
P53708,P09874,0
P09874,P0CG47,0.2963850906182176
P0CG47,P09874,0.2963850906182176
P09874,P61081,0
P61081,P09874,0
P09874,Q05513,0
Q05513,P09874,0
P09874,Q9GZV5,0.2609127724559987
Q9GZV5,P09874,0.2609127724559987
P09874,P42772,0.2609127724559987
P42772,P09874,0.2609127724559987
P09874,Q93008,0
Q93008,P09874,0
P09874,P37173,0.2963850906182176
P37173,P09874,0.2963850906182176
P09874,P10600,0
P10600,P09874,0
P09874,Q9NYA4,0.2963850906182176
Q9NYA4,P09874,0.2963850906182176
P09874,Q14186,0.2609127724559987
Q14186,P09874,0.2609127724559987
P09874,Q6ZNA4,0.2609127724559987
Q6ZNA4,P09874,0.2609127724559987
P09874,P35813,0
P35813,P09874,0
P09874,Q14188,0.2609127724559987
Q14188,P09874,0.2609127724559987
P09874,Q9UNE7,0.2963850906182176
Q9UNE7,P09874,0.2963850906182176
P09874,Q13547,0.2609127724559987
Q13547,P09874,0.2609127724559987
P09874,P17275,0.2609127724559987
P17275,P09874,0.2609127724559987
P09874,P50750,0.2609127724559987
P50750,P09874,0.2609127724559987
P09874,P28749,0.2609127724559987
P28749,P09874,0.2609127724559987
P09874,Q13485,0.2609127724559987
Q13485,P09874,0.2609127724559987
P09874,Q09472,0.2609127724559987
Q09472,P09874,0.2609127724559987
P18084,Q15583,0.1051600884334792
Q15583,P18084,0.1051600884334792
P18084,Q9Y5K5,0.305725116872361
Q9Y5K5,P18084,0.305725116872361
P18084,Q9HCE7,0.305725116872361
Q9HCE7,P18084,0.305725116872361
P18084,P84022,0.305725116872361
P84022,P18084,0.305725116872361
P18084,Q9Y618,0
Q9Y618,P18084,0
P18084,Q03167,0
Q03167,P18084,0
P18084,Q9HAU4,0.305725116872361
Q9HAU4,P18084,0.305725116872361
P18084,P62942,0.244207078953146
P62942,P18084,0.244207078953146
P18084,Q8N2S1,0
Q8N2S1,P18084,0
P18084,Q9NPB6,0.244207078953146
Q9NPB6,P18084,0.244207078953146
P18084,Q969W9,0.305725116872361
Q969W9,P18084,0.305725116872361
P18084,Q6ZSZ5,0.244207078953146
Q6ZSZ5,P18084,0.244207078953146
P18084,Q9Y4E8,0.305725116872361
Q9Y4E8,P18084,0.305725116872361
P18084,P27361,0.1051600884334792
P27361,P18084,0.1051600884334792
P18084,P62140,0.305725116872361
P62140,P18084,0.305725116872361
P18084,Q14766,0
Q14766,P18084,0
P18084,Q13573,0
Q13573,P18084,0
P18084,P51668,0
P51668,P18084,0
P18084,P61812,0
P61812,P18084,0
P18084,P22681,0
P22681,P18084,0
P18084,P36873,0.305725116872361
P36873,P18084,0.305725116872361
P18084,P62136,0.305725116872361
P62136,P18084,0.305725116872361
P18084,Q9P2M7,0.244207078953146
Q9P2M7,P18084,0.244207078953146
P18084,P61586,0.244207078953146
P61586,P18084,0.244207078953146
P18084,Q9GZN2,0.1051600884334792
Q9GZN2,P18084,0.1051600884334792
P18084,P24863,0.1051600884334792
P24863,P18084,0.1051600884334792
P18084,P67809,0.1051600884334792
P67809,P18084,0.1051600884334792
P18084,P36897,0.305725116872361
P36897,P18084,0.305725116872361
P18084,Q9UPN9,0
Q9UPN9,P18084,0
P18084,P28482,0.1051600884334792
P28482,P18084,0.1051600884334792
P18084,P49336,0.1051600884334792
P49336,P18084,0.1051600884334792
P18084,Q9NS15,0
Q9NS15,P18084,0
P18084,Q9UN42,0
Q9UN42,P18084,0
P18084,Q15329,0.1051600884334792
Q15329,P18084,0.1051600884334792
P18084,P18564,0
P18564,P18084,0
P18084,Q16254,0.1051600884334792
Q16254,P18084,0.1051600884334792
P18084,Q13145,0.305725116872361
Q13145,P18084,0.305725116872361
P18084,P61077,0
P61077,P18084,0
P18084,Q9Y624,0.244207078953146
Q9Y624,P18084,0.244207078953146
P18084,P62987,0.305725116872361
P62987,P18084,0.305725116872361
P18084,Q8TEW0,0.244207078953146
Q8TEW0,P18084,0.244207078953146
P18084,Q15843,0
Q15843,P18084,0
P18084,Q14767,0
Q14767,P18084,0
P18084,Q96PU5,0.305725116872361
Q96PU5,P18084,0.305725116872361
P18084,P26012,0
P26012,P18084,0
P18084,P62979,0.305725116872361
P62979,P18084,0.305725116872361
P18084,Q15796,0.305725116872361
Q15796,P18084,0.305725116872361
P18084,Q9Y3F4,0.305725116872361
Q9Y3F4,P18084,0.305725116872361
P18084,P53708,0
P53708,P18084,0
P18084,P61081,0
P61081,P18084,0
P18084,Q05513,0.244207078953146
Q05513,P18084,0.244207078953146
P18084,Q9GZV5,0.1051600884334792
Q9GZV5,P18084,0.1051600884334792
P18084,P42772,0.1051600884334792
P42772,P18084,0.1051600884334792
P18084,Q93008,0
Q93008,P18084,0
P18084,P37173,0.305725116872361
P37173,P18084,0.305725116872361
P18084,Q9NYA4,0.305725116872361
Q9NYA4,P18084,0.305725116872361
P18084,Q14186,0.1051600884334792
Q14186,P18084,0.1051600884334792
P18084,Q6ZNA4,0.1051600884334792
Q6ZNA4,P18084,0.1051600884334792
P18084,P35813,0
P35813,P18084,0
P18084,Q14188,0.1051600884334792
Q14188,P18084,0.1051600884334792
P18084,Q9UNE7,0.305725116872361
Q9UNE7,P18084,0.305725116872361
P18084,Q13547,0.1051600884334792
Q13547,P18084,0.1051600884334792
P18084,P50750,0.1051600884334792
P50750,P18084,0.1051600884334792
P18084,P28749,0.1051600884334792
P28749,P18084,0.1051600884334792
P18084,Q13485,0.1051600884334792
Q13485,P18084,0.1051600884334792
P18084,Q09472,0.1051600884334792
Q09472,P18084,0.1051600884334792
P49336,Q15583,0.2609127724559987
Q15583,P49336,0.2609127724559987
P49336,Q9Y5K5,0.1051600884334792
Q9Y5K5,P49336,0.1051600884334792
P49336,Q9HCE7,0.1051600884334792
Q9HCE7,P49336,0.1051600884334792
P49336,P84022,0.2609127724559987
P84022,P49336,0.2609127724559987
P49336,Q9Y618,0.2609127724559987
Q9Y618,P49336,0.2609127724559987
P49336,Q03167,0.1051600884334792
Q03167,P49336,0.1051600884334792
P49336,Q9HAU4,0.2609127724559987
Q9HAU4,P49336,0.2609127724559987
P49336,P62942,0.1051600884334792
P62942,P49336,0.1051600884334792
P49336,Q8N2S1,0.1051600884334792
Q8N2S1,P49336,0.1051600884334792
P49336,Q9NPB6,0
Q9NPB6,P49336,0
P49336,Q969W9,0.1051600884334792
Q969W9,P49336,0.1051600884334792
P49336,Q6ZSZ5,0
Q6ZSZ5,P49336,0
P49336,Q9Y4E8,0.1051600884334792
Q9Y4E8,P49336,0.1051600884334792
P49336,P62140,0.1051600884334792
P62140,P49336,0.1051600884334792
P49336,Q14766,0.1051600884334792
Q14766,P49336,0.1051600884334792
P49336,Q13573,0.2609127724559987
Q13573,P49336,0.2609127724559987
P49336,P51668,0.2609127724559987
P51668,P49336,0.2609127724559987
P49336,P61812,0.1051600884334792
P61812,P49336,0.1051600884334792
P49336,P62136,0.1051600884334792
P62136,P49336,0.1051600884334792
P49336,Q9P2M7,0
Q9P2M7,P49336,0
P49336,P61586,0
P61586,P49336,0
P49336,Q9GZN2,0.2609127724559987
Q9GZN2,P49336,0.2609127724559987
P49336,P67809,0
P67809,P49336,0
P49336,Q9UPN9,0.2609127724559987
Q9UPN9,P49336,0.2609127724559987
P49336,Q9NS15,0.1051600884334792
Q9NS15,P49336,0.1051600884334792
P49336,Q9UN42,0.2609127724559987
Q9UN42,P49336,0.2609127724559987
P49336,Q15329,0
Q15329,P49336,0
P49336,Q16254,0
Q16254,P49336,0
P49336,Q13145,0.1051600884334792
Q13145,P49336,0.1051600884334792
P49336,P61077,0.2609127724559987
P61077,P49336,0.2609127724559987
P49336,Q9Y624,0
Q9Y624,P49336,0
P49336,P62987,0.2609127724559987
P62987,P49336,0.2609127724559987
P49336,Q8TEW0,0
Q8TEW0,P49336,0
P49336,Q15843,0.1051600884334792
Q15843,P49336,0.1051600884334792
P49336,Q14767,0.1051600884334792
Q14767,P49336,0.1051600884334792
P49336,Q96PU5,0.2609127724559987
Q96PU5,P49336,0.2609127724559987
P49336,P62979,0.2609127724559987
P62979,P49336,0.2609127724559987
P49336,Q15796,0.2609127724559987
Q15796,P49336,0.2609127724559987
P49336,Q9Y3F4,0.1051600884334792
Q9Y3F4,P49336,0.1051600884334792
P49336,P53708,0.1051600884334792
P53708,P49336,0.1051600884334792
P49336,P61081,0.1051600884334792
P61081,P49336,0.1051600884334792
P49336,Q05513,0
Q05513,P49336,0
P49336,Q9GZV5,0.2609127724559987
Q9GZV5,P49336,0.2609127724559987
P49336,Q93008,0.2609127724559987
Q93008,P49336,0.2609127724559987
P49336,Q9NYA4,0.1051600884334792
Q9NYA4,P49336,0.1051600884334792
P49336,Q14186,0
Q14186,P49336,0
P49336,Q6ZNA4,0.2609127724559987
Q6ZNA4,P49336,0.2609127724559987
P49336,Q14188,0
Q14188,P49336,0
P49336,Q9UNE7,0.1051600884334792
Q9UNE7,P49336,0.1051600884334792
P49336,Q13547,0.2609127724559987
Q13547,P49336,0.2609127724559987
P49336,P50750,0
P50750,P49336,0
P49336,Q13485,0.2609127724559987
Q13485,P49336,0.2609127724559987
P49336,Q09472,0
Q09472,P49336,0
Q9NS15,Q9Y5K5,0.305725116872361
Q9Y5K5,Q9NS15,0.305725116872361
Q9NS15,Q9Y618,0
Q9Y618,Q9NS15,0
Q9NS15,Q9Y4E8,0.305725116872361
Q9Y4E8,Q9NS15,0.305725116872361
Q9NS15,Q9P2M7,0.244207078953146
Q9P2M7,Q9NS15,0.244207078953146
Q9NS15,Q9UPN9,0
Q9UPN9,Q9NS15,0
Q9NS15,Q9UN42,0
Q9UN42,Q9NS15,0
Q9NS15,Q9Y624,0.244207078953146
Q9Y624,Q9NS15,0.244207078953146
Q9NS15,Q9Y3F4,0.305725116872361
Q9Y3F4,Q9NS15,0.305725116872361
Q9NS15,Q9NYA4,0.305725116872361
Q9NYA4,Q9NS15,0.305725116872361
Q9NS15,Q9UNE7,0.305725116872361
Q9UNE7,Q9NS15,0.305725116872361
Q9UN42,Q9Y5K5,0.2963850906182176
Q9Y5K5,Q9UN42,0.2963850906182176
Q9UN42,Q9Y618,0
Q9Y618,Q9UN42,0
Q9UN42,Q9Y4E8,0.2963850906182176
Q9Y4E8,Q9UN42,0.2963850906182176
Q9UN42,Q9UPN9,0
Q9UPN9,Q9UN42,0
Q9UN42,Q9Y624,0
Q9Y624,Q9UN42,0
Q9UN42,Q9Y3F4,0.2963850906182176
Q9Y3F4,Q9UN42,0.2963850906182176
Q9UN42,Q9UNE7,0.2963850906182176
Q9UNE7,Q9UN42,0.2963850906182176
P12757,Q15583,0.2609127724559987
Q15583,P12757,0.2609127724559987
P12757,Q9Y5K5,0.2963850906182176
Q9Y5K5,P12757,0.2963850906182176
P12757,Q9HCE7,0.2963850906182176
Q9HCE7,P12757,0.2963850906182176
P12757,P84022,0.2963850906182176
P84022,P12757,0.2963850906182176
P12757,Q9Y618,0
Q9Y618,P12757,0
P12757,Q03167,0
Q03167,P12757,0
P12757,Q9HAU4,0.2963850906182176
Q9HAU4,P12757,0.2963850906182176
P12757,P62942,0
P62942,P12757,0
P12757,Q8N2S1,0
Q8N2S1,P12757,0
P12757,Q9NPB6,0
Q9NPB6,P12757,0
P12757,Q969W9,0.2963850906182176
Q969W9,P12757,0.2963850906182176
P12757,Q6ZSZ5,0
Q6ZSZ5,P12757,0
P12757,Q9Y4E8,0.2963850906182176
Q9Y4E8,P12757,0.2963850906182176
P12757,P27361,0.2609127724559987
P27361,P12757,0.2609127724559987
P12757,P62140,0.2963850906182176
P62140,P12757,0.2963850906182176
P12757,Q14766,0
Q14766,P12757,0
P12757,Q13573,0
Q13573,P12757,0
P12757,P51668,0
P51668,P12757,0
P12757,P61812,0
P61812,P12757,0
P12757,P22681,0
P22681,P12757,0
P12757,P36873,0.2963850906182176
P36873,P12757,0.2963850906182176
P12757,P62136,0.2963850906182176
P62136,P12757,0.2963850906182176
P12757,Q9P2M7,0
Q9P2M7,P12757,0
P12757,P61586,0
P61586,P12757,0
P12757,Q9GZN2,0.2609127724559987
Q9GZN2,P12757,0.2609127724559987
P12757,P24863,0.2609127724559987
P24863,P12757,0.2609127724559987
P12757,P67809,0.2609127724559987
P67809,P12757,0.2609127724559987
P12757,P36897,0.2963850906182176
P36897,P12757,0.2963850906182176
P12757,Q9UPN9,0
Q9UPN9,P12757,0
P12757,P28482,0.2609127724559987
P28482,P12757,0.2609127724559987
P12757,P18084,0
P18084,P12757,0
P12757,P49336,0.2609127724559987
P49336,P12757,0.2609127724559987
P12757,Q9NS15,0
Q9NS15,P12757,0
P12757,Q9UN42,0
Q9UN42,P12757,0
P12757,Q15329,0.2609127724559987
Q15329,P12757,0.2609127724559987
P12757,P18564,0
P18564,P12757,0
P12757,Q16254,0.2609127724559987
Q16254,P12757,0.2609127724559987
P12757,Q13145,0.2963850906182176
Q13145,P12757,0.2963850906182176
P12757,P61077,0
P61077,P12757,0
P12757,Q9Y624,0
Q9Y624,P12757,0
P12757,P62987,0.2963850906182176
P62987,P12757,0.2963850906182176
P12757,Q8TEW0,0
Q8TEW0,P12757,0
P12757,Q15843,0
Q15843,P12757,0
P12757,Q14767,0
Q14767,P12757,0
P12757,Q96PU5,0.2963850906182176
Q96PU5,P12757,0.2963850906182176
P12757,P26012,0
P26012,P12757,0
P12757,P62979,0.2963850906182176
P62979,P12757,0.2963850906182176
P12757,Q15796,0.2963850906182176
Q15796,P12757,0.2963850906182176
P12757,Q9Y3F4,0.2963850906182176
Q9Y3F4,P12757,0.2963850906182176
P12757,P53708,0
P53708,P12757,0
P12757,P61081,0
P61081,P12757,0
P12757,Q05513,0
Q05513,P12757,0
P12757,Q9GZV5,0.2609127724559987
Q9GZV5,P12757,0.2609127724559987
P12757,P42772,0.2609127724559987
P42772,P12757,0.2609127724559987
P12757,Q93008,0
Q93008,P12757,0
P12757,P37173,0.2963850906182176
P37173,P12757,0.2963850906182176
P12757,Q9NYA4,0.2963850906182176
Q9NYA4,P12757,0.2963850906182176
P12757,Q14186,0.2609127724559987
Q14186,P12757,0.2609127724559987
P12757,Q6ZNA4,0.2609127724559987
Q6ZNA4,P12757,0.2609127724559987
P12757,P35813,0
P35813,P12757,0
P12757,Q14188,0.2609127724559987
Q14188,P12757,0.2609127724559987
P12757,Q9UNE7,0.2963850906182176
Q9UNE7,P12757,0.2963850906182176
P12757,Q13547,0.2609127724559987
Q13547,P12757,0.2609127724559987
P12757,P17275,0.2609127724559987
P17275,P12757,0.2609127724559987
P12757,P50750,0.2609127724559987
P50750,P12757,0.2609127724559987
P12757,P28749,0.2609127724559987
P28749,P12757,0.2609127724559987
P12757,Q13485,0.2609127724559987
Q13485,P12757,0.2609127724559987
P12757,Q09472,0.2609127724559987
Q09472,P12757,0.2609127724559987
Q15329,Q15583,0.2609127724559987
Q15583,Q15329,0.2609127724559987
Q15329,Q9Y5K5,0.1051600884334792
Q9Y5K5,Q15329,0.1051600884334792
Q15329,Q9HCE7,0.1051600884334792
Q9HCE7,Q15329,0.1051600884334792
Q15329,Q9Y618,0.2609127724559987
Q9Y618,Q15329,0.2609127724559987
Q15329,Q9HAU4,0.2609127724559987
Q9HAU4,Q15329,0.2609127724559987
Q15329,Q8N2S1,0.1051600884334792
Q8N2S1,Q15329,0.1051600884334792
Q15329,Q9NPB6,0
Q9NPB6,Q15329,0
Q15329,Q969W9,0.1051600884334792
Q969W9,Q15329,0.1051600884334792
Q15329,Q6ZSZ5,0
Q6ZSZ5,Q15329,0
Q15329,Q9Y4E8,0.1051600884334792
Q9Y4E8,Q15329,0.1051600884334792
Q15329,Q9P2M7,0
Q9P2M7,Q15329,0
Q15329,Q9GZN2,0.2609127724559987
Q9GZN2,Q15329,0.2609127724559987
Q15329,Q9UPN9,0.2609127724559987
Q9UPN9,Q15329,0.2609127724559987
Q15329,Q9NS15,0.1051600884334792
Q9NS15,Q15329,0.1051600884334792
Q15329,Q9UN42,0.2609127724559987
Q9UN42,Q15329,0.2609127724559987
Q15329,Q16254,0
Q16254,Q15329,0
Q15329,Q9Y624,0
Q9Y624,Q15329,0
Q15329,Q8TEW0,0
Q8TEW0,Q15329,0
Q15329,Q15843,0.1051600884334792
Q15843,Q15329,0.1051600884334792
Q15329,Q96PU5,0.2609127724559987
Q96PU5,Q15329,0.2609127724559987
Q15329,Q15796,0.2609127724559987
Q15796,Q15329,0.2609127724559987
Q15329,Q9Y3F4,0.1051600884334792
Q9Y3F4,Q15329,0.1051600884334792
Q15329,Q9GZV5,0.2609127724559987
Q9GZV5,Q15329,0.2609127724559987
Q15329,Q93008,0.2609127724559987
Q93008,Q15329,0.2609127724559987
Q15329,Q9NYA4,0.1051600884334792
Q9NYA4,Q15329,0.1051600884334792
Q15329,Q6ZNA4,0.2609127724559987
Q6ZNA4,Q15329,0.2609127724559987
Q15329,Q9UNE7,0.1051600884334792
Q9UNE7,Q15329,0.1051600884334792
O00255,Q15583,0.2609127724559987
Q15583,O00255,0.2609127724559987
O00255,Q9Y5K5,0.1051600884334792
Q9Y5K5,O00255,0.1051600884334792
O00255,Q9HCE7,0.1051600884334792
Q9HCE7,O00255,0.1051600884334792
O00255,O60583,0
O60583,O00255,0
O00255,P84022,0.2609127724559987
P84022,O00255,0.2609127724559987
O00255,Q9Y618,0.2609127724559987
Q9Y618,O00255,0.2609127724559987
O00255,Q03167,0.1051600884334792
Q03167,O00255,0.1051600884334792
O00255,Q9HAU4,0.2609127724559987
Q9HAU4,O00255,0.2609127724559987
O00255,P62942,0.1051600884334792
P62942,O00255,0.1051600884334792
O00255,Q8N2S1,0.1051600884334792
Q8N2S1,O00255,0.1051600884334792
O00255,Q9NPB6,0
Q9NPB6,O00255,0
O00255,Q969W9,0.1051600884334792
Q969W9,O00255,0.1051600884334792
O00255,Q6ZSZ5,0
Q6ZSZ5,O00255,0
O00255,Q9Y4E8,0.1051600884334792
Q9Y4E8,O00255,0.1051600884334792
O00255,P27361,0.2609127724559987
P27361,O00255,0.2609127724559987
O00255,P62140,0.1051600884334792
P62140,O00255,0.1051600884334792
O00255,O75909,0
O75909,O00255,0
O00255,Q14766,0.1051600884334792
Q14766,O00255,0.1051600884334792
O00255,P09958,0
P09958,O00255,0
O00255,Q13573,0.2609127724559987
Q13573,O00255,0.2609127724559987
O00255,P51668,0.2609127724559987
P51668,O00255,0.2609127724559987
O00255,P61812,0.1051600884334792
P61812,O00255,0.1051600884334792
O00255,P22681,0.1051600884334792
P22681,O00255,0.1051600884334792
O00255,P36873,0.1051600884334792
P36873,O00255,0.1051600884334792
O00255,P62136,0.1051600884334792
P62136,O00255,0.1051600884334792
O00255,P0CG48,0.2609127724559987
P0CG48,O00255,0.2609127724559987
O00255,P08123,0
P08123,O00255,0
O00255,Q9P2M7,0
Q9P2M7,O00255,0
O00255,P06756,0.1051600884334792
P06756,O00255,0.1051600884334792
O00255,P61586,0
P61586,O00255,0
O00255,Q9GZN2,0.2609127724559987
Q9GZN2,O00255,0.2609127724559987
O00255,P24863,0
P24863,O00255,0
O00255,P67809,0
P67809,O00255,0
O00255,P36897,0.1051600884334792
P36897,O00255,0.1051600884334792
O00255,Q9UPN9,0.2609127724559987
Q9UPN9,O00255,0.2609127724559987
O00255,P28482,0.2609127724559987
P28482,O00255,0.2609127724559987
O00255,P01137,0.1051600884334792
P01137,O00255,0.1051600884334792
O00255,P09874,0.2609127724559987
P09874,O00255,0.2609127724559987
O00255,P18084,0.1051600884334792
P18084,O00255,0.1051600884334792
O00255,P49336,0
P49336,O00255,0
O00255,Q9NS15,0.1051600884334792
Q9NS15,O00255,0.1051600884334792
O00255,Q9UN42,0.2609127724559987
Q9UN42,O00255,0.2609127724559987
O00255,P12757,0.2609127724559987
P12757,O00255,0.2609127724559987
O00255,Q15329,0
Q15329,O00255,0
O00255,P05556,0.1051600884334792
P05556,O00255,0.1051600884334792
O00255,P18564,0.1051600884334792
P18564,O00255,0.1051600884334792
O00255,P08047,0
P08047,O00255,0
O00255,Q16254,0
Q16254,O00255,0
O00255,P05121,0
P05121,O00255,0
O00255,Q13145,0.1051600884334792
Q13145,O00255,0.1051600884334792
O00255,P61077,0.2609127724559987
P61077,O00255,0.2609127724559987
O00255,Q9Y624,0
Q9Y624,O00255,0
O00255,P62987,0.2609127724559987
P62987,O00255,0.2609127724559987
O00255,P12755,0.2609127724559987
P12755,O00255,0.2609127724559987
O00255,Q8TEW0,0
Q8TEW0,O00255,0
O00255,Q15843,0.1051600884334792
Q15843,O00255,0.1051600884334792
O00255,O14980,0.1051600884334792
O14980,O00255,0.1051600884334792
O00255,Q14767,0.1051600884334792
Q14767,O00255,0.1051600884334792
O00255,O60563,0
O60563,O00255,0
O00255,Q96PU5,0.2609127724559987
Q96PU5,O00255,0.2609127724559987
O00255,P26012,0.1051600884334792
P26012,O00255,0.1051600884334792
O00255,P62979,0.2609127724559987
P62979,O00255,0.2609127724559987
O00255,Q15796,0.2609127724559987
Q15796,O00255,0.2609127724559987
O00255,Q9Y3F4,0.1051600884334792
Q9Y3F4,O00255,0.1051600884334792
O00255,O75807,0.1051600884334792
O75807,O00255,0.1051600884334792
O00255,P53708,0.1051600884334792
P53708,O00255,0.1051600884334792
O00255,P0CG47,0.2609127724559987
P0CG47,O00255,0.2609127724559987
O00255,P61081,0.1051600884334792
P61081,O00255,0.1051600884334792
O00255,Q05513,0
Q05513,O00255,0
O00255,Q9GZV5,0.2609127724559987
Q9GZV5,O00255,0.2609127724559987
O00255,P42772,0
P42772,O00255,0
O00255,O75376,0.2609127724559987
O75376,O00255,0.2609127724559987
O00255,Q93008,0.2609127724559987
Q93008,O00255,0.2609127724559987
O00255,P01106,0
P01106,O00255,0
O00255,P37173,0.1051600884334792
P37173,O00255,0.1051600884334792
O00255,P10600,0.1051600884334792
P10600,O00255,0.1051600884334792
O00255,P05106,0.1051600884334792
P05106,O00255,0.1051600884334792
O00255,Q9NYA4,0.1051600884334792
Q9NYA4,O00255,0.1051600884334792
O00255,Q14186,0
Q14186,O00255,0
O00255,Q6ZNA4,0.2609127724559987
Q6ZNA4,O00255,0.2609127724559987
O00255,P35813,0.2609127724559987
P35813,O00255,0.2609127724559987
O00255,O15105,0.2609127724559987
O15105,O00255,0.2609127724559987
O00255,Q14188,0
Q14188,O00255,0
O00255,Q9UNE7,0.1051600884334792
Q9UNE7,O00255,0.1051600884334792
O00255,Q13547,0.2609127724559987
Q13547,O00255,0.2609127724559987
O00255,P17275,0
P17275,O00255,0
O00255,P50750,0
P50750,O00255,0
O00255,P28749,0
P28749,O00255,0
O00255,Q13485,0.2609127724559987
Q13485,O00255,0.2609127724559987
O00255,Q09472,0
Q09472,O00255,0
P05556,Q15583,0.1051600884334792
Q15583,P05556,0.1051600884334792
P05556,Q9Y5K5,0.305725116872361
Q9Y5K5,P05556,0.305725116872361
P05556,Q9HCE7,0.305725116872361
Q9HCE7,P05556,0.305725116872361
P05556,P84022,0.305725116872361
P84022,P05556,0.305725116872361
P05556,Q9Y618,0
Q9Y618,P05556,0
P05556,Q03167,0
Q03167,P05556,0
P05556,Q9HAU4,0.305725116872361
Q9HAU4,P05556,0.305725116872361
P05556,P62942,0.244207078953146
P62942,P05556,0.244207078953146
P05556,Q8N2S1,0
Q8N2S1,P05556,0
P05556,Q9NPB6,0.244207078953146
Q9NPB6,P05556,0.244207078953146
P05556,Q969W9,0.305725116872361
Q969W9,P05556,0.305725116872361
P05556,Q6ZSZ5,0.244207078953146
Q6ZSZ5,P05556,0.244207078953146
P05556,Q9Y4E8,0.305725116872361
Q9Y4E8,P05556,0.305725116872361
P05556,P27361,0.1051600884334792
P27361,P05556,0.1051600884334792
P05556,P62140,0.305725116872361
P62140,P05556,0.305725116872361
P05556,Q14766,0
Q14766,P05556,0
P05556,P09958,0.1051600884334792
P09958,P05556,0.1051600884334792
P05556,Q13573,0
Q13573,P05556,0
P05556,P51668,0
P51668,P05556,0
P05556,P61812,0
P61812,P05556,0
P05556,P22681,0
P22681,P05556,0
P05556,P36873,0.305725116872361
P36873,P05556,0.305725116872361
P05556,P62136,0.305725116872361
P62136,P05556,0.305725116872361
P05556,P0CG48,0.305725116872361
P0CG48,P05556,0.305725116872361
P05556,P08123,0.1051600884334792
P08123,P05556,0.1051600884334792
P05556,Q9P2M7,0.244207078953146
Q9P2M7,P05556,0.244207078953146
P05556,P06756,0
P06756,P05556,0
P05556,P61586,0.244207078953146
P61586,P05556,0.244207078953146
P05556,Q9GZN2,0.1051600884334792
Q9GZN2,P05556,0.1051600884334792
P05556,P24863,0.1051600884334792
P24863,P05556,0.1051600884334792
P05556,P67809,0.1051600884334792
P67809,P05556,0.1051600884334792
P05556,P36897,0.305725116872361
P36897,P05556,0.305725116872361
P05556,Q9UPN9,0
Q9UPN9,P05556,0
P05556,P28482,0.1051600884334792
P28482,P05556,0.1051600884334792
P05556,P09874,0
P09874,P05556,0
P05556,P18084,0
P18084,P05556,0
P05556,P49336,0.1051600884334792
P49336,P05556,0.1051600884334792
P05556,Q9NS15,0
Q9NS15,P05556,0
P05556,Q9UN42,0
Q9UN42,P05556,0
P05556,P12757,0
P12757,P05556,0
P05556,Q15329,0.1051600884334792
Q15329,P05556,0.1051600884334792
P05556,P18564,0
P18564,P05556,0
P05556,P08047,0.1051600884334792
P08047,P05556,0.1051600884334792
P05556,Q16254,0.1051600884334792
Q16254,P05556,0.1051600884334792
P05556,Q13145,0.305725116872361
Q13145,P05556,0.305725116872361
P05556,P61077,0
P61077,P05556,0
P05556,Q9Y624,0.244207078953146
Q9Y624,P05556,0.244207078953146
P05556,P62987,0.305725116872361
P62987,P05556,0.305725116872361
P05556,P12755,0
P12755,P05556,0
P05556,Q8TEW0,0.244207078953146
Q8TEW0,P05556,0.244207078953146
P05556,Q15843,0
Q15843,P05556,0
P05556,Q14767,0
Q14767,P05556,0
P05556,Q96PU5,0.305725116872361
Q96PU5,P05556,0.305725116872361
P05556,P26012,0
P26012,P05556,0
P05556,P62979,0.305725116872361
P62979,P05556,0.305725116872361
P05556,Q15796,0.305725116872361
Q15796,P05556,0.305725116872361
P05556,Q9Y3F4,0.305725116872361
Q9Y3F4,P05556,0.305725116872361
P05556,P53708,0
P53708,P05556,0
P05556,P0CG47,0.305725116872361
P0CG47,P05556,0.305725116872361
P05556,P61081,0
P61081,P05556,0
P05556,Q05513,0.244207078953146
Q05513,P05556,0.244207078953146
P05556,Q9GZV5,0.1051600884334792
Q9GZV5,P05556,0.1051600884334792
P05556,P42772,0.1051600884334792
P42772,P05556,0.1051600884334792
P05556,Q93008,0
Q93008,P05556,0
P05556,P37173,0.305725116872361
P37173,P05556,0.305725116872361
P05556,P10600,0
P10600,P05556,0
P05556,Q9NYA4,0.305725116872361
Q9NYA4,P05556,0.305725116872361
P05556,Q14186,0.1051600884334792
Q14186,P05556,0.1051600884334792
P05556,Q6ZNA4,0.1051600884334792
Q6ZNA4,P05556,0.1051600884334792
P05556,P35813,0
P35813,P05556,0
P05556,Q14188,0.1051600884334792
Q14188,P05556,0.1051600884334792
P05556,Q9UNE7,0.305725116872361
Q9UNE7,P05556,0.305725116872361
P05556,Q13547,0.1051600884334792
Q13547,P05556,0.1051600884334792
P05556,P17275,0.1051600884334792
P17275,P05556,0.1051600884334792
P05556,P50750,0.1051600884334792
P50750,P05556,0.1051600884334792
P05556,P28749,0.1051600884334792
P28749,P05556,0.1051600884334792
P05556,Q13485,0.1051600884334792
Q13485,P05556,0.1051600884334792
P05556,Q09472,0.1051600884334792
Q09472,P05556,0.1051600884334792
P18564,Q15583,0.1051600884334792
Q15583,P18564,0.1051600884334792
P18564,Q9Y5K5,0.305725116872361
Q9Y5K5,P18564,0.305725116872361
P18564,Q9HCE7,0.305725116872361
Q9HCE7,P18564,0.305725116872361
P18564,P84022,0.305725116872361
P84022,P18564,0.305725116872361
P18564,Q9Y618,0
Q9Y618,P18564,0
P18564,Q03167,0
Q03167,P18564,0
P18564,Q9HAU4,0.305725116872361
Q9HAU4,P18564,0.305725116872361
P18564,P62942,0.244207078953146
P62942,P18564,0.244207078953146
P18564,Q8N2S1,0
Q8N2S1,P18564,0
P18564,Q9NPB6,0.244207078953146
Q9NPB6,P18564,0.244207078953146
P18564,Q969W9,0.305725116872361
Q969W9,P18564,0.305725116872361
P18564,Q6ZSZ5,0.244207078953146
Q6ZSZ5,P18564,0.244207078953146
P18564,Q9Y4E8,0.305725116872361
Q9Y4E8,P18564,0.305725116872361
P18564,P27361,0.1051600884334792
P27361,P18564,0.1051600884334792
P18564,P62140,0.305725116872361
P62140,P18564,0.305725116872361
P18564,Q14766,0
Q14766,P18564,0
P18564,Q13573,0
Q13573,P18564,0
P18564,P51668,0
P51668,P18564,0
P18564,P61812,0
P61812,P18564,0
P18564,P22681,0
P22681,P18564,0
P18564,P36873,0.305725116872361
P36873,P18564,0.305725116872361
P18564,P62136,0.305725116872361
P62136,P18564,0.305725116872361
P18564,Q9P2M7,0.244207078953146
Q9P2M7,P18564,0.244207078953146
P18564,P61586,0.244207078953146
P61586,P18564,0.244207078953146
P18564,Q9GZN2,0.1051600884334792
Q9GZN2,P18564,0.1051600884334792
P18564,P24863,0.1051600884334792
P24863,P18564,0.1051600884334792
P18564,P67809,0.1051600884334792
P67809,P18564,0.1051600884334792
P18564,P36897,0.305725116872361
P36897,P18564,0.305725116872361
P18564,Q9UPN9,0
Q9UPN9,P18564,0
P18564,P28482,0.1051600884334792
P28482,P18564,0.1051600884334792
P18564,P49336,0.1051600884334792
P49336,P18564,0.1051600884334792
P18564,Q9NS15,0
Q9NS15,P18564,0
P18564,Q9UN42,0
Q9UN42,P18564,0
P18564,Q15329,0.1051600884334792
Q15329,P18564,0.1051600884334792
P18564,Q16254,0.1051600884334792
Q16254,P18564,0.1051600884334792
P18564,Q13145,0.305725116872361
Q13145,P18564,0.305725116872361
P18564,P61077,0
P61077,P18564,0
P18564,Q9Y624,0.244207078953146
Q9Y624,P18564,0.244207078953146
P18564,P62987,0.305725116872361
P62987,P18564,0.305725116872361
P18564,Q8TEW0,0.244207078953146
Q8TEW0,P18564,0.244207078953146
P18564,Q15843,0
Q15843,P18564,0
P18564,Q14767,0
Q14767,P18564,0
P18564,Q96PU5,0.305725116872361
Q96PU5,P18564,0.305725116872361
P18564,P26012,0
P26012,P18564,0
P18564,P62979,0.305725116872361
P62979,P18564,0.305725116872361
P18564,Q15796,0.305725116872361
Q15796,P18564,0.305725116872361
P18564,Q9Y3F4,0.305725116872361
Q9Y3F4,P18564,0.305725116872361
P18564,P53708,0
P53708,P18564,0
P18564,P61081,0
P61081,P18564,0
P18564,Q05513,0.244207078953146
Q05513,P18564,0.244207078953146
P18564,Q9GZV5,0.1051600884334792
Q9GZV5,P18564,0.1051600884334792
P18564,P42772,0.1051600884334792
P42772,P18564,0.1051600884334792
P18564,Q93008,0
Q93008,P18564,0
P18564,P37173,0.305725116872361
P37173,P18564,0.305725116872361
P18564,Q9NYA4,0.305725116872361
Q9NYA4,P18564,0.305725116872361
P18564,Q14186,0.1051600884334792
Q14186,P18564,0.1051600884334792
P18564,Q6ZNA4,0.1051600884334792
Q6ZNA4,P18564,0.1051600884334792
P18564,P35813,0
P35813,P18564,0
P18564,Q14188,0.1051600884334792
Q14188,P18564,0.1051600884334792
P18564,Q9UNE7,0.305725116872361
Q9UNE7,P18564,0.305725116872361
P18564,Q13547,0.1051600884334792
Q13547,P18564,0.1051600884334792
P18564,P50750,0.1051600884334792
P50750,P18564,0.1051600884334792
P18564,P28749,0.1051600884334792
P28749,P18564,0.1051600884334792
P18564,Q13485,0.1051600884334792
Q13485,P18564,0.1051600884334792
P18564,Q09472,0.1051600884334792
Q09472,P18564,0.1051600884334792
P08047,Q15583,0.2609127724559987
Q15583,P08047,0.2609127724559987
P08047,Q9Y5K5,0.1051600884334792
Q9Y5K5,P08047,0.1051600884334792
P08047,Q9HCE7,0.1051600884334792
Q9HCE7,P08047,0.1051600884334792
P08047,P84022,0.2609127724559987
P84022,P08047,0.2609127724559987
P08047,Q9Y618,0.2609127724559987
Q9Y618,P08047,0.2609127724559987
P08047,Q03167,0.1051600884334792
Q03167,P08047,0.1051600884334792
P08047,Q9HAU4,0.2609127724559987
Q9HAU4,P08047,0.2609127724559987
P08047,P62942,0.1051600884334792
P62942,P08047,0.1051600884334792
P08047,Q8N2S1,0.1051600884334792
Q8N2S1,P08047,0.1051600884334792
P08047,Q9NPB6,0
Q9NPB6,P08047,0
P08047,Q969W9,0.1051600884334792
Q969W9,P08047,0.1051600884334792
P08047,Q6ZSZ5,0
Q6ZSZ5,P08047,0
P08047,Q9Y4E8,0.1051600884334792
Q9Y4E8,P08047,0.1051600884334792
P08047,P27361,0.2609127724559987
P27361,P08047,0.2609127724559987
P08047,P62140,0.1051600884334792
P62140,P08047,0.1051600884334792
P08047,Q14766,0.1051600884334792
Q14766,P08047,0.1051600884334792
P08047,P09958,0
P09958,P08047,0
P08047,Q13573,0.2609127724559987
Q13573,P08047,0.2609127724559987
P08047,P51668,0.2609127724559987
P51668,P08047,0.2609127724559987
P08047,P61812,0.1051600884334792
P61812,P08047,0.1051600884334792
P08047,P22681,0.1051600884334792
P22681,P08047,0.1051600884334792
P08047,P36873,0.1051600884334792
P36873,P08047,0.1051600884334792
P08047,P62136,0.1051600884334792
P62136,P08047,0.1051600884334792
P08047,P0CG48,0.2609127724559987
P0CG48,P08047,0.2609127724559987
P08047,P08123,0
P08123,P08047,0
P08047,Q9P2M7,0
Q9P2M7,P08047,0
P08047,P61586,0
P61586,P08047,0
P08047,Q9GZN2,0.2609127724559987
Q9GZN2,P08047,0.2609127724559987
P08047,P24863,0
P24863,P08047,0
P08047,P67809,0
P67809,P08047,0
P08047,P36897,0.1051600884334792
P36897,P08047,0.1051600884334792
P08047,Q9UPN9,0.2609127724559987
Q9UPN9,P08047,0.2609127724559987
P08047,P28482,0.2609127724559987
P28482,P08047,0.2609127724559987
P08047,P09874,0.2609127724559987
P09874,P08047,0.2609127724559987
P08047,P18084,0.1051600884334792
P18084,P08047,0.1051600884334792
P08047,P49336,0
P49336,P08047,0
P08047,Q9NS15,0.1051600884334792
Q9NS15,P08047,0.1051600884334792
P08047,Q9UN42,0.2609127724559987
Q9UN42,P08047,0.2609127724559987
P08047,P12757,0.2609127724559987
P12757,P08047,0.2609127724559987
P08047,Q15329,0
Q15329,P08047,0
P08047,P18564,0.1051600884334792
P18564,P08047,0.1051600884334792
P08047,Q16254,0
Q16254,P08047,0
P08047,Q13145,0.1051600884334792
Q13145,P08047,0.1051600884334792
P08047,P61077,0.2609127724559987
P61077,P08047,0.2609127724559987
P08047,Q9Y624,0
Q9Y624,P08047,0
P08047,P62987,0.2609127724559987
P62987,P08047,0.2609127724559987
P08047,P12755,0.2609127724559987
P12755,P08047,0.2609127724559987
P08047,Q8TEW0,0
Q8TEW0,P08047,0
P08047,Q15843,0.1051600884334792
Q15843,P08047,0.1051600884334792
P08047,Q14767,0.1051600884334792
Q14767,P08047,0.1051600884334792
P08047,Q96PU5,0.2609127724559987
Q96PU5,P08047,0.2609127724559987
P08047,P26012,0.1051600884334792
P26012,P08047,0.1051600884334792
P08047,P62979,0.2609127724559987
P62979,P08047,0.2609127724559987
P08047,Q15796,0.2609127724559987
Q15796,P08047,0.2609127724559987
P08047,Q9Y3F4,0.1051600884334792
Q9Y3F4,P08047,0.1051600884334792
P08047,P53708,0.1051600884334792
P53708,P08047,0.1051600884334792
P08047,P0CG47,0.2609127724559987
P0CG47,P08047,0.2609127724559987
P08047,P61081,0.1051600884334792
P61081,P08047,0.1051600884334792
P08047,Q05513,0
Q05513,P08047,0
P08047,Q9GZV5,0.2609127724559987
Q9GZV5,P08047,0.2609127724559987
P08047,P42772,0
P42772,P08047,0
P08047,Q93008,0.2609127724559987
Q93008,P08047,0.2609127724559987
P08047,P37173,0.1051600884334792
P37173,P08047,0.1051600884334792
P08047,P10600,0.1051600884334792
P10600,P08047,0.1051600884334792
P08047,Q9NYA4,0.1051600884334792
Q9NYA4,P08047,0.1051600884334792
P08047,Q14186,0
Q14186,P08047,0
P08047,Q6ZNA4,0.2609127724559987
Q6ZNA4,P08047,0.2609127724559987
P08047,P35813,0.2609127724559987
P35813,P08047,0.2609127724559987
P08047,Q14188,0
Q14188,P08047,0
P08047,Q9UNE7,0.1051600884334792
Q9UNE7,P08047,0.1051600884334792
P08047,Q13547,0.2609127724559987
Q13547,P08047,0.2609127724559987
P08047,P17275,0
P17275,P08047,0
P08047,P50750,0
P50750,P08047,0
P08047,P28749,0
P28749,P08047,0
P08047,Q13485,0.2609127724559987
Q13485,P08047,0.2609127724559987
P08047,Q09472,0
Q09472,P08047,0
Q16254,Q9Y5K5,0.1051600884334792
Q9Y5K5,Q16254,0.1051600884334792
Q16254,Q9HCE7,0.1051600884334792
Q9HCE7,Q16254,0.1051600884334792
Q16254,Q9Y618,0.2609127724559987
Q9Y618,Q16254,0.2609127724559987
Q16254,Q9HAU4,0.2609127724559987
Q9HAU4,Q16254,0.2609127724559987
Q16254,Q8N2S1,0.1051600884334792
Q8N2S1,Q16254,0.1051600884334792
Q16254,Q9NPB6,0
Q9NPB6,Q16254,0
Q16254,Q969W9,0.1051600884334792
Q969W9,Q16254,0.1051600884334792
Q16254,Q6ZSZ5,0
Q6ZSZ5,Q16254,0
Q16254,Q9Y4E8,0.1051600884334792
Q9Y4E8,Q16254,0.1051600884334792
Q16254,Q9P2M7,0
Q9P2M7,Q16254,0
Q16254,Q9GZN2,0.2609127724559987
Q9GZN2,Q16254,0.2609127724559987
Q16254,Q9UPN9,0.2609127724559987
Q9UPN9,Q16254,0.2609127724559987
Q16254,Q9NS15,0.1051600884334792
Q9NS15,Q16254,0.1051600884334792
Q16254,Q9UN42,0.2609127724559987
Q9UN42,Q16254,0.2609127724559987
Q16254,Q9Y624,0
Q9Y624,Q16254,0
Q16254,Q8TEW0,0
Q8TEW0,Q16254,0
Q16254,Q96PU5,0.2609127724559987
Q96PU5,Q16254,0.2609127724559987
Q16254,Q9Y3F4,0.1051600884334792
Q9Y3F4,Q16254,0.1051600884334792
Q16254,Q9GZV5,0.2609127724559987
Q9GZV5,Q16254,0.2609127724559987
Q16254,Q93008,0.2609127724559987
Q93008,Q16254,0.2609127724559987
Q16254,Q9NYA4,0.1051600884334792
Q9NYA4,Q16254,0.1051600884334792
Q16254,Q6ZNA4,0.2609127724559987
Q6ZNA4,Q16254,0.2609127724559987
Q16254,Q9UNE7,0.1051600884334792
Q9UNE7,Q16254,0.1051600884334792
P05121,Q15583,0.2609127724559987
Q15583,P05121,0.2609127724559987
P05121,Q9Y5K5,0.1051600884334792
Q9Y5K5,P05121,0.1051600884334792
P05121,Q9HCE7,0.1051600884334792
Q9HCE7,P05121,0.1051600884334792
P05121,P84022,0.2609127724559987
P84022,P05121,0.2609127724559987
P05121,Q9Y618,0.2609127724559987
Q9Y618,P05121,0.2609127724559987
P05121,Q03167,0.1051600884334792
Q03167,P05121,0.1051600884334792
P05121,Q9HAU4,0.2609127724559987
Q9HAU4,P05121,0.2609127724559987
P05121,P62942,0.1051600884334792
P62942,P05121,0.1051600884334792
P05121,Q8N2S1,0.1051600884334792
Q8N2S1,P05121,0.1051600884334792
P05121,Q9NPB6,0
Q9NPB6,P05121,0
P05121,Q969W9,0.1051600884334792
Q969W9,P05121,0.1051600884334792
P05121,Q6ZSZ5,0
Q6ZSZ5,P05121,0
P05121,Q9Y4E8,0.1051600884334792
Q9Y4E8,P05121,0.1051600884334792
P05121,P27361,0.2609127724559987
P27361,P05121,0.2609127724559987
P05121,P62140,0.1051600884334792
P62140,P05121,0.1051600884334792
P05121,Q14766,0.1051600884334792
Q14766,P05121,0.1051600884334792
P05121,P09958,0
P09958,P05121,0
P05121,Q13573,0.2609127724559987
Q13573,P05121,0.2609127724559987
P05121,P51668,0.2609127724559987
P51668,P05121,0.2609127724559987
P05121,P61812,0.1051600884334792
P61812,P05121,0.1051600884334792
P05121,P22681,0.1051600884334792
P22681,P05121,0.1051600884334792
P05121,P36873,0.1051600884334792
P36873,P05121,0.1051600884334792
P05121,P62136,0.1051600884334792
P62136,P05121,0.1051600884334792
P05121,P0CG48,0.2609127724559987
P0CG48,P05121,0.2609127724559987
P05121,P08123,0
P08123,P05121,0
P05121,Q9P2M7,0
Q9P2M7,P05121,0
P05121,P06756,0.1051600884334792
P06756,P05121,0.1051600884334792
P05121,P61586,0
P61586,P05121,0
P05121,Q9GZN2,0.2609127724559987
Q9GZN2,P05121,0.2609127724559987
P05121,P24863,0
P24863,P05121,0
P05121,P67809,0
P67809,P05121,0
P05121,P36897,0.1051600884334792
P36897,P05121,0.1051600884334792
P05121,Q9UPN9,0.2609127724559987
Q9UPN9,P05121,0.2609127724559987
P05121,P28482,0.2609127724559987
P28482,P05121,0.2609127724559987
P05121,P09874,0.2609127724559987
P09874,P05121,0.2609127724559987
P05121,P18084,0.1051600884334792
P18084,P05121,0.1051600884334792
P05121,P49336,0
P49336,P05121,0
P05121,Q9NS15,0.1051600884334792
Q9NS15,P05121,0.1051600884334792
P05121,Q9UN42,0.2609127724559987
Q9UN42,P05121,0.2609127724559987
P05121,P12757,0.2609127724559987
P12757,P05121,0.2609127724559987
P05121,Q15329,0
Q15329,P05121,0
P05121,P05556,0.1051600884334792
P05556,P05121,0.1051600884334792
P05121,P18564,0.1051600884334792
P18564,P05121,0.1051600884334792
P05121,P08047,0
P08047,P05121,0
P05121,Q16254,0
Q16254,P05121,0
P05121,Q13145,0.1051600884334792
Q13145,P05121,0.1051600884334792
P05121,P61077,0.2609127724559987
P61077,P05121,0.2609127724559987
P05121,Q9Y624,0
Q9Y624,P05121,0
P05121,P62987,0.2609127724559987
P62987,P05121,0.2609127724559987
P05121,P12755,0.2609127724559987
P12755,P05121,0.2609127724559987
P05121,Q8TEW0,0
Q8TEW0,P05121,0
P05121,Q15843,0.1051600884334792
Q15843,P05121,0.1051600884334792
P05121,Q14767,0.1051600884334792
Q14767,P05121,0.1051600884334792
P05121,Q96PU5,0.2609127724559987
Q96PU5,P05121,0.2609127724559987
P05121,P26012,0.1051600884334792
P26012,P05121,0.1051600884334792
P05121,P62979,0.2609127724559987
P62979,P05121,0.2609127724559987
P05121,Q15796,0.2609127724559987
Q15796,P05121,0.2609127724559987
P05121,Q9Y3F4,0.1051600884334792
Q9Y3F4,P05121,0.1051600884334792
P05121,P53708,0.1051600884334792
P53708,P05121,0.1051600884334792
P05121,P0CG47,0.2609127724559987
P0CG47,P05121,0.2609127724559987
P05121,P61081,0.1051600884334792
P61081,P05121,0.1051600884334792
P05121,Q05513,0
Q05513,P05121,0
P05121,Q9GZV5,0.2609127724559987
Q9GZV5,P05121,0.2609127724559987
P05121,P42772,0
P42772,P05121,0
P05121,Q93008,0.2609127724559987
Q93008,P05121,0.2609127724559987
P05121,P37173,0.1051600884334792
P37173,P05121,0.1051600884334792
P05121,P10600,0.1051600884334792
P10600,P05121,0.1051600884334792
P05121,Q9NYA4,0.1051600884334792
Q9NYA4,P05121,0.1051600884334792
P05121,Q14186,0
Q14186,P05121,0
P05121,Q6ZNA4,0.2609127724559987
Q6ZNA4,P05121,0.2609127724559987
P05121,P35813,0.2609127724559987
P35813,P05121,0.2609127724559987
P05121,Q14188,0
Q14188,P05121,0
P05121,Q9UNE7,0.1051600884334792
Q9UNE7,P05121,0.1051600884334792
P05121,Q13547,0.2609127724559987
Q13547,P05121,0.2609127724559987
P05121,P17275,0
P17275,P05121,0
P05121,P50750,0
P50750,P05121,0
P05121,P28749,0
P28749,P05121,0
P05121,Q13485,0.2609127724559987
Q13485,P05121,0.2609127724559987
P05121,Q09472,0
Q09472,P05121,0
Q13145,Q15583,0.2963850906182176
Q15583,Q13145,0.2963850906182176
Q13145,Q9Y5K5,0.305725116872361
Q9Y5K5,Q13145,0.305725116872361
Q13145,Q9HCE7,0.305725116872361
Q9HCE7,Q13145,0.305725116872361
Q13145,Q9Y618,0.2963850906182176
Q9Y618,Q13145,0.2963850906182176
Q13145,Q9HAU4,0.305725116872361
Q9HAU4,Q13145,0.305725116872361
Q13145,Q8N2S1,0.305725116872361
Q8N2S1,Q13145,0.305725116872361
Q13145,Q9NPB6,0.244207078953146
Q9NPB6,Q13145,0.244207078953146
Q13145,Q969W9,0.305725116872361
Q969W9,Q13145,0.305725116872361
Q13145,Q6ZSZ5,0.244207078953146
Q6ZSZ5,Q13145,0.244207078953146
Q13145,Q9Y4E8,0.305725116872361
Q9Y4E8,Q13145,0.305725116872361
Q13145,Q14766,0.305725116872361
Q14766,Q13145,0.305725116872361
Q13145,Q13573,0.2963850906182176
Q13573,Q13145,0.2963850906182176
Q13145,Q9P2M7,0.244207078953146
Q9P2M7,Q13145,0.244207078953146
Q13145,Q9GZN2,0.2963850906182176
Q9GZN2,Q13145,0.2963850906182176
Q13145,Q9UPN9,0.2963850906182176
Q9UPN9,Q13145,0.2963850906182176
Q13145,Q9NS15,0.305725116872361
Q9NS15,Q13145,0.305725116872361
Q13145,Q9UN42,0.2963850906182176
Q9UN42,Q13145,0.2963850906182176
Q13145,Q15329,0.1051600884334792
Q15329,Q13145,0.1051600884334792
Q13145,Q16254,0.1051600884334792
Q16254,Q13145,0.1051600884334792
Q13145,Q9Y624,0.244207078953146
Q9Y624,Q13145,0.244207078953146
Q13145,Q8TEW0,0.244207078953146
Q8TEW0,Q13145,0.244207078953146
Q13145,Q15843,0.305725116872361
Q15843,Q13145,0.305725116872361
Q13145,Q14767,0.305725116872361
Q14767,Q13145,0.305725116872361
Q13145,Q96PU5,0.305725116872361
Q96PU5,Q13145,0.305725116872361
Q13145,Q15796,0.305725116872361
Q15796,Q13145,0.305725116872361
Q13145,Q9Y3F4,0.305725116872361
Q9Y3F4,Q13145,0.305725116872361
Q13145,Q9GZV5,0.2963850906182176
Q9GZV5,Q13145,0.2963850906182176
Q13145,Q93008,0.2963850906182176
Q93008,Q13145,0.2963850906182176
Q13145,Q9NYA4,0.305725116872361
Q9NYA4,Q13145,0.305725116872361
Q13145,Q14186,0.1051600884334792
Q14186,Q13145,0.1051600884334792
Q13145,Q6ZNA4,0.2963850906182176
Q6ZNA4,Q13145,0.2963850906182176
Q13145,Q14188,0.1051600884334792
Q14188,Q13145,0.1051600884334792
Q13145,Q9UNE7,0.305725116872361
Q9UNE7,Q13145,0.305725116872361
Q13145,Q13547,0.2963850906182176
Q13547,Q13145,0.2963850906182176
Q13145,Q13485,0.2963850906182176
Q13485,Q13145,0.2963850906182176
P61077,Q15583,0.2609127724559987
Q15583,P61077,0.2609127724559987
P61077,Q9Y5K5,0.2963850906182176
Q9Y5K5,P61077,0.2963850906182176
P61077,Q9HCE7,0.2963850906182176
Q9HCE7,P61077,0.2963850906182176
P61077,P84022,0.2963850906182176
P84022,P61077,0.2963850906182176
P61077,Q9Y618,0
Q9Y618,P61077,0
P61077,Q03167,0
Q03167,P61077,0
P61077,Q9HAU4,0.2963850906182176
Q9HAU4,P61077,0.2963850906182176
P61077,P62942,0
P62942,P61077,0
P61077,Q8N2S1,0
Q8N2S1,P61077,0
P61077,Q9NPB6,0
Q9NPB6,P61077,0
P61077,Q969W9,0.2963850906182176
Q969W9,P61077,0.2963850906182176
P61077,Q6ZSZ5,0
Q6ZSZ5,P61077,0
P61077,Q9Y4E8,0.2963850906182176
Q9Y4E8,P61077,0.2963850906182176
P61077,P62140,0.2963850906182176
P62140,P61077,0.2963850906182176
P61077,Q14766,0
Q14766,P61077,0
P61077,Q13573,0
Q13573,P61077,0
P61077,P61812,0
P61812,P61077,0
P61077,P62136,0.2963850906182176
P62136,P61077,0.2963850906182176
P61077,Q9P2M7,0
Q9P2M7,P61077,0
P61077,P61586,0
P61586,P61077,0
P61077,Q9GZN2,0.2609127724559987
Q9GZN2,P61077,0.2609127724559987
P61077,P67809,0.2609127724559987
P67809,P61077,0.2609127724559987
P61077,Q9UPN9,0
Q9UPN9,P61077,0
P61077,Q9NS15,0
Q9NS15,P61077,0
P61077,Q9UN42,0
Q9UN42,P61077,0
P61077,Q15329,0.2609127724559987
Q15329,P61077,0.2609127724559987
P61077,Q16254,0.2609127724559987
Q16254,P61077,0.2609127724559987
P61077,Q13145,0.2963850906182176
Q13145,P61077,0.2963850906182176
P61077,Q9Y624,0
Q9Y624,P61077,0
P61077,P62987,0.2963850906182176
P62987,P61077,0.2963850906182176
P61077,Q8TEW0,0
Q8TEW0,P61077,0
P61077,Q15843,0
Q15843,P61077,0
P61077,Q14767,0
Q14767,P61077,0
P61077,Q96PU5,0.2963850906182176
Q96PU5,P61077,0.2963850906182176
P61077,P62979,0.2963850906182176
P62979,P61077,0.2963850906182176
P61077,Q15796,0.2963850906182176
Q15796,P61077,0.2963850906182176
P61077,Q9Y3F4,0.2963850906182176
Q9Y3F4,P61077,0.2963850906182176
P61077,P61081,0
P61081,P61077,0
P61077,Q05513,0
Q05513,P61077,0
P61077,Q9GZV5,0.2609127724559987
Q9GZV5,P61077,0.2609127724559987
P61077,Q93008,0
Q93008,P61077,0
P61077,Q9NYA4,0.2963850906182176
Q9NYA4,P61077,0.2963850906182176
P61077,Q14186,0.2609127724559987
Q14186,P61077,0.2609127724559987
P61077,Q6ZNA4,0.2609127724559987
Q6ZNA4,P61077,0.2609127724559987
P61077,Q14188,0.2609127724559987
Q14188,P61077,0.2609127724559987
P61077,Q9UNE7,0.2963850906182176
Q9UNE7,P61077,0.2963850906182176
P61077,Q13547,0.2609127724559987
Q13547,P61077,0.2609127724559987
P61077,Q13485,0.2609127724559987
Q13485,P61077,0.2609127724559987
P61077,Q09472,0.2609127724559987
Q09472,P61077,0.2609127724559987
P62987,Q15583,0.2963850906182176
Q15583,P62987,0.2963850906182176
P62987,Q9Y5K5,0.305725116872361
Q9Y5K5,P62987,0.305725116872361
P62987,Q9HCE7,0.305725116872361
Q9HCE7,P62987,0.305725116872361
P62987,P84022,0.305725116872361
P84022,P62987,0.305725116872361
P62987,Q9Y618,0.2963850906182176
Q9Y618,P62987,0.2963850906182176
P62987,Q03167,0.305725116872361
Q03167,P62987,0.305725116872361
P62987,Q9HAU4,0.305725116872361
Q9HAU4,P62987,0.305725116872361
P62987,Q8N2S1,0.305725116872361
Q8N2S1,P62987,0.305725116872361
P62987,Q9NPB6,0.244207078953146
Q9NPB6,P62987,0.244207078953146
P62987,Q969W9,0.305725116872361
Q969W9,P62987,0.305725116872361
P62987,Q6ZSZ5,0.244207078953146
Q6ZSZ5,P62987,0.244207078953146
P62987,Q9Y4E8,0.305725116872361
Q9Y4E8,P62987,0.305725116872361
P62987,Q14766,0.305725116872361
Q14766,P62987,0.305725116872361
P62987,Q13573,0.2963850906182176
Q13573,P62987,0.2963850906182176
P62987,Q9P2M7,0.244207078953146
Q9P2M7,P62987,0.244207078953146
P62987,Q9GZN2,0.2963850906182176
Q9GZN2,P62987,0.2963850906182176
P62987,P67809,0.2609127724559987
P67809,P62987,0.2609127724559987
P62987,Q9UPN9,0.2963850906182176
Q9UPN9,P62987,0.2963850906182176
P62987,Q9NS15,0.305725116872361
Q9NS15,P62987,0.305725116872361
P62987,Q9UN42,0.2963850906182176
Q9UN42,P62987,0.2963850906182176
P62987,Q15329,0.2609127724559987
Q15329,P62987,0.2609127724559987
P62987,Q16254,0.2609127724559987
Q16254,P62987,0.2609127724559987
P62987,Q13145,0.305725116872361
Q13145,P62987,0.305725116872361
P62987,Q9Y624,0.244207078953146
Q9Y624,P62987,0.244207078953146
P62987,Q8TEW0,0.244207078953146
Q8TEW0,P62987,0.244207078953146
P62987,Q15843,0.305725116872361
Q15843,P62987,0.305725116872361
P62987,Q14767,0.305725116872361
Q14767,P62987,0.305725116872361
P62987,Q96PU5,0.305725116872361
Q96PU5,P62987,0.305725116872361
P62987,Q15796,0.305725116872361
Q15796,P62987,0.305725116872361
P62987,Q9Y3F4,0.305725116872361
Q9Y3F4,P62987,0.305725116872361
P62987,Q05513,0.244207078953146
Q05513,P62987,0.244207078953146
P62987,Q9GZV5,0.2963850906182176
Q9GZV5,P62987,0.2963850906182176
P62987,Q93008,0.2963850906182176
Q93008,P62987,0.2963850906182176
P62987,Q9NYA4,0.305725116872361
Q9NYA4,P62987,0.305725116872361
P62987,Q14186,0.2609127724559987
Q14186,P62987,0.2609127724559987
P62987,Q6ZNA4,0.2963850906182176
Q6ZNA4,P62987,0.2963850906182176
P62987,Q14188,0.2609127724559987
Q14188,P62987,0.2609127724559987
P62987,Q9UNE7,0.305725116872361
Q9UNE7,P62987,0.305725116872361
P62987,Q13547,0.2963850906182176
Q13547,P62987,0.2963850906182176
P62987,Q13485,0.2963850906182176
Q13485,P62987,0.2963850906182176
P62987,Q09472,0.2609127724559987
Q09472,P62987,0.2609127724559987
P12755,Q15583,0.2609127724559987
Q15583,P12755,0.2609127724559987
P12755,Q9Y5K5,0.2963850906182176
Q9Y5K5,P12755,0.2963850906182176
P12755,Q9HCE7,0.2963850906182176
Q9HCE7,P12755,0.2963850906182176
P12755,P84022,0.2963850906182176
P84022,P12755,0.2963850906182176
P12755,Q9Y618,0
Q9Y618,P12755,0
P12755,Q03167,0
Q03167,P12755,0
P12755,Q9HAU4,0.2963850906182176
Q9HAU4,P12755,0.2963850906182176
P12755,P62942,0
P62942,P12755,0
P12755,Q8N2S1,0
Q8N2S1,P12755,0
P12755,Q9NPB6,0
Q9NPB6,P12755,0
P12755,Q969W9,0.2963850906182176
Q969W9,P12755,0.2963850906182176
P12755,Q6ZSZ5,0
Q6ZSZ5,P12755,0
P12755,Q9Y4E8,0.2963850906182176
Q9Y4E8,P12755,0.2963850906182176
P12755,P27361,0.2609127724559987
P27361,P12755,0.2609127724559987
P12755,P62140,0.2963850906182176
P62140,P12755,0.2963850906182176
P12755,Q14766,0
Q14766,P12755,0
P12755,Q13573,0
Q13573,P12755,0
P12755,P51668,0
P51668,P12755,0
P12755,P61812,0
P61812,P12755,0
P12755,P22681,0
P22681,P12755,0
P12755,P36873,0.2963850906182176
P36873,P12755,0.2963850906182176
P12755,P62136,0.2963850906182176
P62136,P12755,0.2963850906182176
P12755,Q9P2M7,0
Q9P2M7,P12755,0
P12755,P61586,0
P61586,P12755,0
P12755,Q9GZN2,0.2609127724559987
Q9GZN2,P12755,0.2609127724559987
P12755,P24863,0.2609127724559987
P24863,P12755,0.2609127724559987
P12755,P67809,0.2609127724559987
P67809,P12755,0.2609127724559987
P12755,P36897,0.2963850906182176
P36897,P12755,0.2963850906182176
P12755,Q9UPN9,0
Q9UPN9,P12755,0
P12755,P28482,0.2609127724559987
P28482,P12755,0.2609127724559987
P12755,P18084,0
P18084,P12755,0
P12755,P49336,0.2609127724559987
P49336,P12755,0.2609127724559987
P12755,Q9NS15,0
Q9NS15,P12755,0
P12755,Q9UN42,0
Q9UN42,P12755,0
P12755,P12757,0
P12757,P12755,0
P12755,Q15329,0.2609127724559987
Q15329,P12755,0.2609127724559987
P12755,P18564,0
P18564,P12755,0
P12755,Q16254,0.2609127724559987
Q16254,P12755,0.2609127724559987
P12755,Q13145,0.2963850906182176
Q13145,P12755,0.2963850906182176
P12755,P61077,0
P61077,P12755,0
P12755,Q9Y624,0
Q9Y624,P12755,0
P12755,P62987,0.2963850906182176
P62987,P12755,0.2963850906182176
P12755,Q8TEW0,0
Q8TEW0,P12755,0
P12755,Q15843,0
Q15843,P12755,0
P12755,Q14767,0
Q14767,P12755,0
P12755,Q96PU5,0.2963850906182176
Q96PU5,P12755,0.2963850906182176
P12755,P26012,0
P26012,P12755,0
P12755,P62979,0.2963850906182176
P62979,P12755,0.2963850906182176
P12755,Q15796,0.2963850906182176
Q15796,P12755,0.2963850906182176
P12755,Q9Y3F4,0.2963850906182176
Q9Y3F4,P12755,0.2963850906182176
P12755,P53708,0
P53708,P12755,0
P12755,P61081,0
P61081,P12755,0
P12755,Q05513,0
Q05513,P12755,0
P12755,Q9GZV5,0.2609127724559987
Q9GZV5,P12755,0.2609127724559987
P12755,P42772,0.2609127724559987
P42772,P12755,0.2609127724559987
P12755,Q93008,0
Q93008,P12755,0
P12755,P37173,0.2963850906182176
P37173,P12755,0.2963850906182176
P12755,Q9NYA4,0.2963850906182176
Q9NYA4,P12755,0.2963850906182176
P12755,Q14186,0.2609127724559987
Q14186,P12755,0.2609127724559987
P12755,Q6ZNA4,0.2609127724559987
Q6ZNA4,P12755,0.2609127724559987
P12755,P35813,0
P35813,P12755,0
P12755,Q14188,0.2609127724559987
Q14188,P12755,0.2609127724559987
P12755,Q9UNE7,0.2963850906182176
Q9UNE7,P12755,0.2963850906182176
P12755,Q13547,0.2609127724559987
Q13547,P12755,0.2609127724559987
P12755,P17275,0.2609127724559987
P17275,P12755,0.2609127724559987
P12755,P50750,0.2609127724559987
P50750,P12755,0.2609127724559987
P12755,P28749,0.2609127724559987
P28749,P12755,0.2609127724559987
P12755,Q13485,0.2609127724559987
Q13485,P12755,0.2609127724559987
P12755,Q09472,0.2609127724559987
Q09472,P12755,0.2609127724559987
Q8TEW0,Q9Y5K5,0.244207078953146
Q9Y5K5,Q8TEW0,0.244207078953146
Q8TEW0,Q9HCE7,0.244207078953146
Q9HCE7,Q8TEW0,0.244207078953146
Q8TEW0,Q9Y618,0
Q9Y618,Q8TEW0,0
Q8TEW0,Q9HAU4,0.244207078953146
Q9HAU4,Q8TEW0,0.244207078953146
Q8TEW0,Q9NPB6,0
Q9NPB6,Q8TEW0,0
Q8TEW0,Q969W9,0.244207078953146
Q969W9,Q8TEW0,0.244207078953146
Q8TEW0,Q9Y4E8,0.244207078953146
Q9Y4E8,Q8TEW0,0.244207078953146
Q8TEW0,Q9P2M7,0
Q9P2M7,Q8TEW0,0
Q8TEW0,Q9GZN2,0
Q9GZN2,Q8TEW0,0
Q8TEW0,Q9UPN9,0
Q9UPN9,Q8TEW0,0
Q8TEW0,Q9NS15,0.244207078953146
Q9NS15,Q8TEW0,0.244207078953146
Q8TEW0,Q9UN42,0
Q9UN42,Q8TEW0,0
Q8TEW0,Q9Y624,0
Q9Y624,Q8TEW0,0
Q8TEW0,Q96PU5,0.244207078953146
Q96PU5,Q8TEW0,0.244207078953146
Q8TEW0,Q9Y3F4,0.244207078953146
Q9Y3F4,Q8TEW0,0.244207078953146
Q8TEW0,Q9GZV5,0
Q9GZV5,Q8TEW0,0
Q8TEW0,Q93008,0
Q93008,Q8TEW0,0
Q8TEW0,Q9NYA4,0.244207078953146
Q9NYA4,Q8TEW0,0.244207078953146
Q8TEW0,Q9UNE7,0.244207078953146
Q9UNE7,Q8TEW0,0.244207078953146
Q15843,Q9Y5K5,0.305725116872361
Q9Y5K5,Q15843,0.305725116872361
Q15843,Q9HCE7,0.305725116872361
Q9HCE7,Q15843,0.305725116872361
Q15843,Q9Y618,0
Q9Y618,Q15843,0
Q15843,Q9HAU4,0.305725116872361
Q9HAU4,Q15843,0.305725116872361
Q15843,Q8N2S1,0
Q8N2S1,Q15843,0
Q15843,Q9NPB6,0.244207078953146
Q9NPB6,Q15843,0.244207078953146
Q15843,Q969W9,0.305725116872361
Q969W9,Q15843,0.305725116872361
Q15843,Q6ZSZ5,0.244207078953146
Q6ZSZ5,Q15843,0.244207078953146
Q15843,Q9Y4E8,0.305725116872361
Q9Y4E8,Q15843,0.305725116872361
Q15843,Q9P2M7,0.244207078953146
Q9P2M7,Q15843,0.244207078953146
Q15843,Q9GZN2,0.1051600884334792
Q9GZN2,Q15843,0.1051600884334792
Q15843,Q9UPN9,0
Q9UPN9,Q15843,0
Q15843,Q9NS15,0
Q9NS15,Q15843,0
Q15843,Q9UN42,0
Q9UN42,Q15843,0
Q15843,Q16254,0.1051600884334792
Q16254,Q15843,0.1051600884334792
Q15843,Q9Y624,0.244207078953146
Q9Y624,Q15843,0.244207078953146
Q15843,Q8TEW0,0.244207078953146
Q8TEW0,Q15843,0.244207078953146
Q15843,Q96PU5,0.305725116872361
Q96PU5,Q15843,0.305725116872361
Q15843,Q9Y3F4,0.305725116872361
Q9Y3F4,Q15843,0.305725116872361
Q15843,Q9GZV5,0.1051600884334792
Q9GZV5,Q15843,0.1051600884334792
Q15843,Q93008,0
Q93008,Q15843,0
Q15843,Q9NYA4,0.305725116872361
Q9NYA4,Q15843,0.305725116872361
Q15843,Q6ZNA4,0.1051600884334792
Q6ZNA4,Q15843,0.1051600884334792
Q15843,Q9UNE7,0.305725116872361
Q9UNE7,Q15843,0.305725116872361
O14980,Q15583,0.2963850906182176
Q15583,O14980,0.2963850906182176
O14980,Q9Y5K5,0.305725116872361
Q9Y5K5,O14980,0.305725116872361
O14980,Q9HCE7,0.305725116872361
Q9HCE7,O14980,0.305725116872361
O14980,O60583,0.1051600884334792
O60583,O14980,0.1051600884334792
O14980,P84022,0.305725116872361
P84022,O14980,0.305725116872361
O14980,Q9Y618,0.2963850906182176
Q9Y618,O14980,0.2963850906182176
O14980,Q03167,0.305725116872361
Q03167,O14980,0.305725116872361
O14980,Q9HAU4,0.305725116872361
Q9HAU4,O14980,0.305725116872361
O14980,P62942,0.305725116872361
P62942,O14980,0.305725116872361
O14980,Q8N2S1,0.305725116872361
Q8N2S1,O14980,0.305725116872361
O14980,Q9NPB6,0.244207078953146
Q9NPB6,O14980,0.244207078953146
O14980,Q969W9,0.305725116872361
Q969W9,O14980,0.305725116872361
O14980,Q6ZSZ5,0.244207078953146
Q6ZSZ5,O14980,0.244207078953146
O14980,Q9Y4E8,0.305725116872361
Q9Y4E8,O14980,0.305725116872361
O14980,P27361,0.2963850906182176
P27361,O14980,0.2963850906182176
O14980,P62140,0.305725116872361
P62140,O14980,0.305725116872361
O14980,O75909,0.1051600884334792
O75909,O14980,0.1051600884334792
O14980,Q14766,0.305725116872361
Q14766,O14980,0.305725116872361
O14980,P09958,0.1051600884334792
P09958,O14980,0.1051600884334792
O14980,Q13573,0.2963850906182176
Q13573,O14980,0.2963850906182176
O14980,P51668,0.2963850906182176
P51668,O14980,0.2963850906182176
O14980,P61812,0.305725116872361
P61812,O14980,0.305725116872361
O14980,P22681,0.305725116872361
P22681,O14980,0.305725116872361
O14980,P36873,0.305725116872361
P36873,O14980,0.305725116872361
O14980,P62136,0.305725116872361
P62136,O14980,0.305725116872361
O14980,P0CG48,0.305725116872361
P0CG48,O14980,0.305725116872361
O14980,P08123,0.1051600884334792
P08123,O14980,0.1051600884334792
O14980,Q9P2M7,0.244207078953146
Q9P2M7,O14980,0.244207078953146
O14980,P06756,0.305725116872361
P06756,O14980,0.305725116872361
O14980,P61586,0.244207078953146
P61586,O14980,0.244207078953146
O14980,Q9GZN2,0.2963850906182176
Q9GZN2,O14980,0.2963850906182176
O14980,P24863,0.1051600884334792
P24863,O14980,0.1051600884334792
O14980,P67809,0.1051600884334792
P67809,O14980,0.1051600884334792
O14980,P36897,0.305725116872361
P36897,O14980,0.305725116872361
O14980,Q9UPN9,0.2963850906182176
Q9UPN9,O14980,0.2963850906182176
O14980,P28482,0.2963850906182176
P28482,O14980,0.2963850906182176
O14980,P01137,0.305725116872361
P01137,O14980,0.305725116872361
O14980,P09874,0.2963850906182176
P09874,O14980,0.2963850906182176
O14980,P18084,0.305725116872361
P18084,O14980,0.305725116872361
O14980,P49336,0.1051600884334792
P49336,O14980,0.1051600884334792
O14980,Q9NS15,0.305725116872361
Q9NS15,O14980,0.305725116872361
O14980,Q9UN42,0.2963850906182176
Q9UN42,O14980,0.2963850906182176
O14980,P12757,0.2963850906182176
P12757,O14980,0.2963850906182176
O14980,Q15329,0.1051600884334792
Q15329,O14980,0.1051600884334792
O14980,P05556,0.305725116872361
P05556,O14980,0.305725116872361
O14980,P18564,0.305725116872361
P18564,O14980,0.305725116872361
O14980,P08047,0.1051600884334792
P08047,O14980,0.1051600884334792
O14980,Q16254,0.1051600884334792
Q16254,O14980,0.1051600884334792
O14980,P05121,0.1051600884334792
P05121,O14980,0.1051600884334792
O14980,Q13145,0.305725116872361
Q13145,O14980,0.305725116872361
O14980,P61077,0.2963850906182176
P61077,O14980,0.2963850906182176
O14980,Q9Y624,0.244207078953146
Q9Y624,O14980,0.244207078953146
O14980,P62987,0.305725116872361
P62987,O14980,0.305725116872361
O14980,P12755,0.2963850906182176
P12755,O14980,0.2963850906182176
O14980,Q8TEW0,0.244207078953146
Q8TEW0,O14980,0.244207078953146
O14980,Q15843,0.305725116872361
Q15843,O14980,0.305725116872361
O14980,Q14767,0.305725116872361
Q14767,O14980,0.305725116872361
O14980,O60563,0.1051600884334792
O60563,O14980,0.1051600884334792
O14980,Q96PU5,0.305725116872361
Q96PU5,O14980,0.305725116872361
O14980,P26012,0.305725116872361
P26012,O14980,0.305725116872361
O14980,P62979,0.305725116872361
P62979,O14980,0.305725116872361
O14980,Q15796,0.305725116872361
Q15796,O14980,0.305725116872361
O14980,Q9Y3F4,0.305725116872361
Q9Y3F4,O14980,0.305725116872361
O14980,O75807,0.305725116872361
O75807,O14980,0.305725116872361
O14980,P53708,0.305725116872361
P53708,O14980,0.305725116872361
O14980,P0CG47,0.305725116872361
P0CG47,O14980,0.305725116872361
O14980,P61081,0.305725116872361
P61081,O14980,0.305725116872361
O14980,Q05513,0.244207078953146
Q05513,O14980,0.244207078953146
O14980,Q9GZV5,0.2963850906182176
Q9GZV5,O14980,0.2963850906182176
O14980,P42772,0.1051600884334792
P42772,O14980,0.1051600884334792
O14980,O75376,0.2963850906182176
O75376,O14980,0.2963850906182176
O14980,Q93008,0.2963850906182176
Q93008,O14980,0.2963850906182176
O14980,P01106,0.1051600884334792
P01106,O14980,0.1051600884334792
O14980,P37173,0.305725116872361
P37173,O14980,0.305725116872361
O14980,P10600,0.305725116872361
P10600,O14980,0.305725116872361
O14980,P05106,0.305725116872361
P05106,O14980,0.305725116872361
O14980,Q9NYA4,0.305725116872361
Q9NYA4,O14980,0.305725116872361
O14980,Q14186,0.1051600884334792
Q14186,O14980,0.1051600884334792
O14980,Q6ZNA4,0.2963850906182176
Q6ZNA4,O14980,0.2963850906182176
O14980,P35813,0.2963850906182176
P35813,O14980,0.2963850906182176
O14980,O15105,0.305725116872361
O15105,O14980,0.305725116872361
O14980,Q14188,0.1051600884334792
Q14188,O14980,0.1051600884334792
O14980,Q9UNE7,0.305725116872361
Q9UNE7,O14980,0.305725116872361
O14980,Q13547,0.2963850906182176
Q13547,O14980,0.2963850906182176
O14980,P17275,0.1051600884334792
P17275,O14980,0.1051600884334792
O14980,P50750,0.1051600884334792
P50750,O14980,0.1051600884334792
O14980,P28749,0.1051600884334792
P28749,O14980,0.1051600884334792
O14980,Q13485,0.2963850906182176
Q13485,O14980,0.2963850906182176
O14980,Q09472,0.1051600884334792
Q09472,O14980,0.1051600884334792
Q14767,Q15583,0.1051600884334792
Q15583,Q14767,0.1051600884334792
Q14767,Q9Y5K5,0.305725116872361
Q9Y5K5,Q14767,0.305725116872361
Q14767,Q9HCE7,0.305725116872361
Q9HCE7,Q14767,0.305725116872361
Q14767,Q9Y618,0
Q9Y618,Q14767,0
Q14767,Q9HAU4,0.305725116872361
Q9HAU4,Q14767,0.305725116872361
Q14767,Q8N2S1,0
Q8N2S1,Q14767,0
Q14767,Q9NPB6,0.244207078953146
Q9NPB6,Q14767,0.244207078953146
Q14767,Q969W9,0.305725116872361
Q969W9,Q14767,0.305725116872361
Q14767,Q6ZSZ5,0.244207078953146
Q6ZSZ5,Q14767,0.244207078953146
Q14767,Q9Y4E8,0.305725116872361
Q9Y4E8,Q14767,0.305725116872361
Q14767,Q9P2M7,0.244207078953146
Q9P2M7,Q14767,0.244207078953146
Q14767,Q9GZN2,0.1051600884334792
Q9GZN2,Q14767,0.1051600884334792
Q14767,Q9UPN9,0
Q9UPN9,Q14767,0
Q14767,Q9NS15,0
Q9NS15,Q14767,0
Q14767,Q9UN42,0
Q9UN42,Q14767,0
Q14767,Q15329,0.1051600884334792
Q15329,Q14767,0.1051600884334792
Q14767,Q16254,0.1051600884334792
Q16254,Q14767,0.1051600884334792
Q14767,Q9Y624,0.244207078953146
Q9Y624,Q14767,0.244207078953146
Q14767,Q8TEW0,0.244207078953146
Q8TEW0,Q14767,0.244207078953146
Q14767,Q15843,0
Q15843,Q14767,0
Q14767,Q96PU5,0.305725116872361
Q96PU5,Q14767,0.305725116872361
Q14767,Q15796,0.305725116872361
Q15796,Q14767,0.305725116872361
Q14767,Q9Y3F4,0.305725116872361
Q9Y3F4,Q14767,0.305725116872361
Q14767,Q9GZV5,0.1051600884334792
Q9GZV5,Q14767,0.1051600884334792
Q14767,Q93008,0
Q93008,Q14767,0
Q14767,Q9NYA4,0.305725116872361
Q9NYA4,Q14767,0.305725116872361
Q14767,Q6ZNA4,0.1051600884334792
Q6ZNA4,Q14767,0.1051600884334792
Q14767,Q9UNE7,0.305725116872361
Q9UNE7,Q14767,0.305725116872361
O60563,Q15583,0.2609127724559987
Q15583,O60563,0.2609127724559987
O60563,Q9Y5K5,0.1051600884334792
Q9Y5K5,O60563,0.1051600884334792
O60563,Q9HCE7,0.1051600884334792
Q9HCE7,O60563,0.1051600884334792
O60563,O60583,0
O60583,O60563,0
O60563,P84022,0.2609127724559987
P84022,O60563,0.2609127724559987
O60563,Q9Y618,0.2609127724559987
Q9Y618,O60563,0.2609127724559987
O60563,Q03167,0.1051600884334792
Q03167,O60563,0.1051600884334792
O60563,Q9HAU4,0.2609127724559987
Q9HAU4,O60563,0.2609127724559987
O60563,P62942,0.1051600884334792
P62942,O60563,0.1051600884334792
O60563,Q8N2S1,0.1051600884334792
Q8N2S1,O60563,0.1051600884334792
O60563,Q9NPB6,0
Q9NPB6,O60563,0
O60563,Q969W9,0.1051600884334792
Q969W9,O60563,0.1051600884334792
O60563,Q6ZSZ5,0
Q6ZSZ5,O60563,0
O60563,Q9Y4E8,0.1051600884334792
Q9Y4E8,O60563,0.1051600884334792
O60563,P27361,0.2609127724559987
P27361,O60563,0.2609127724559987
O60563,P62140,0.1051600884334792
P62140,O60563,0.1051600884334792
O60563,O75909,0
O75909,O60563,0
O60563,Q14766,0.1051600884334792
Q14766,O60563,0.1051600884334792
O60563,P09958,0
P09958,O60563,0
O60563,Q13573,0.2609127724559987
Q13573,O60563,0.2609127724559987
O60563,P51668,0.2609127724559987
P51668,O60563,0.2609127724559987
O60563,P61812,0.1051600884334792
P61812,O60563,0.1051600884334792
O60563,P22681,0.1051600884334792
P22681,O60563,0.1051600884334792
O60563,P36873,0.1051600884334792
P36873,O60563,0.1051600884334792
O60563,P62136,0.1051600884334792
P62136,O60563,0.1051600884334792
O60563,P0CG48,0.2609127724559987
P0CG48,O60563,0.2609127724559987
O60563,P08123,0
P08123,O60563,0
O60563,Q9P2M7,0
Q9P2M7,O60563,0
O60563,P06756,0.1051600884334792
P06756,O60563,0.1051600884334792
O60563,P61586,0
P61586,O60563,0
O60563,Q9GZN2,0.2609127724559987
Q9GZN2,O60563,0.2609127724559987
O60563,P24863,0
P24863,O60563,0
O60563,P67809,0
P67809,O60563,0
O60563,P36897,0.1051600884334792
P36897,O60563,0.1051600884334792
O60563,Q9UPN9,0.2609127724559987
Q9UPN9,O60563,0.2609127724559987
O60563,P28482,0.2609127724559987
P28482,O60563,0.2609127724559987
O60563,P01137,0.1051600884334792
P01137,O60563,0.1051600884334792
O60563,P09874,0.2609127724559987
P09874,O60563,0.2609127724559987
O60563,P18084,0.1051600884334792
P18084,O60563,0.1051600884334792
O60563,P49336,0
P49336,O60563,0
O60563,Q9NS15,0.1051600884334792
Q9NS15,O60563,0.1051600884334792
O60563,Q9UN42,0.2609127724559987
Q9UN42,O60563,0.2609127724559987
O60563,P12757,0.2609127724559987
P12757,O60563,0.2609127724559987
O60563,Q15329,0
Q15329,O60563,0
O60563,P05556,0.1051600884334792
P05556,O60563,0.1051600884334792
O60563,P18564,0.1051600884334792
P18564,O60563,0.1051600884334792
O60563,P08047,0
P08047,O60563,0
O60563,Q16254,0
Q16254,O60563,0
O60563,P05121,0
P05121,O60563,0
O60563,Q13145,0.1051600884334792
Q13145,O60563,0.1051600884334792
O60563,P61077,0.2609127724559987
P61077,O60563,0.2609127724559987
O60563,Q9Y624,0
Q9Y624,O60563,0
O60563,P62987,0.2609127724559987
P62987,O60563,0.2609127724559987
O60563,P12755,0.2609127724559987
P12755,O60563,0.2609127724559987
O60563,Q8TEW0,0
Q8TEW0,O60563,0
O60563,Q15843,0.1051600884334792
Q15843,O60563,0.1051600884334792
O60563,Q14767,0.1051600884334792
Q14767,O60563,0.1051600884334792
O60563,Q96PU5,0.2609127724559987
Q96PU5,O60563,0.2609127724559987
O60563,P26012,0.1051600884334792
P26012,O60563,0.1051600884334792
O60563,P62979,0.2609127724559987
P62979,O60563,0.2609127724559987
O60563,Q15796,0.2609127724559987
Q15796,O60563,0.2609127724559987
O60563,Q9Y3F4,0.1051600884334792
Q9Y3F4,O60563,0.1051600884334792
O60563,O75807,0.1051600884334792
O75807,O60563,0.1051600884334792
O60563,P53708,0.1051600884334792
P53708,O60563,0.1051600884334792
O60563,P0CG47,0.2609127724559987
P0CG47,O60563,0.2609127724559987
O60563,P61081,0.1051600884334792
P61081,O60563,0.1051600884334792
O60563,Q05513,0
Q05513,O60563,0
O60563,Q9GZV5,0.2609127724559987
Q9GZV5,O60563,0.2609127724559987
O60563,P42772,0
P42772,O60563,0
O60563,O75376,0.2609127724559987
O75376,O60563,0.2609127724559987
O60563,Q93008,0.2609127724559987
Q93008,O60563,0.2609127724559987
O60563,P01106,0
P01106,O60563,0
O60563,P37173,0.1051600884334792
P37173,O60563,0.1051600884334792
O60563,P10600,0.1051600884334792
P10600,O60563,0.1051600884334792
O60563,P05106,0.1051600884334792
P05106,O60563,0.1051600884334792
O60563,Q9NYA4,0.1051600884334792
Q9NYA4,O60563,0.1051600884334792
O60563,Q14186,0
Q14186,O60563,0
O60563,Q6ZNA4,0.2609127724559987
Q6ZNA4,O60563,0.2609127724559987
O60563,P35813,0.2609127724559987
P35813,O60563,0.2609127724559987
O60563,Q14188,0
Q14188,O60563,0
O60563,Q9UNE7,0.1051600884334792
Q9UNE7,O60563,0.1051600884334792
O60563,Q13547,0.2609127724559987
Q13547,O60563,0.2609127724559987
O60563,P17275,0
P17275,O60563,0
O60563,P50750,0
P50750,O60563,0
O60563,P28749,0
P28749,O60563,0
O60563,Q13485,0.2609127724559987
Q13485,O60563,0.2609127724559987
O60563,Q09472,0
Q09472,O60563,0
Q96PU5,Q9Y5K5,0.305725116872361
Q9Y5K5,Q96PU5,0.305725116872361
Q96PU5,Q9HCE7,0.305725116872361
Q9HCE7,Q96PU5,0.305725116872361
Q96PU5,Q9Y618,0.2963850906182176
Q9Y618,Q96PU5,0.2963850906182176
Q96PU5,Q9HAU4,0.305725116872361
Q9HAU4,Q96PU5,0.305725116872361
Q96PU5,Q9NPB6,0.244207078953146
Q9NPB6,Q96PU5,0.244207078953146
Q96PU5,Q9Y4E8,0.305725116872361
Q9Y4E8,Q96PU5,0.305725116872361
Q96PU5,Q9P2M7,0.244207078953146
Q9P2M7,Q96PU5,0.244207078953146
Q96PU5,Q9GZN2,0.2963850906182176
Q9GZN2,Q96PU5,0.2963850906182176
Q96PU5,Q9UPN9,0.2963850906182176
Q9UPN9,Q96PU5,0.2963850906182176
Q96PU5,Q9NS15,0.305725116872361
Q9NS15,Q96PU5,0.305725116872361
Q96PU5,Q9UN42,0.2963850906182176
Q9UN42,Q96PU5,0.2963850906182176
Q96PU5,Q9Y624,0.244207078953146
Q9Y624,Q96PU5,0.244207078953146
Q96PU5,Q9Y3F4,0.305725116872361
Q9Y3F4,Q96PU5,0.305725116872361
Q96PU5,Q9GZV5,0.2963850906182176
Q9GZV5,Q96PU5,0.2963850906182176
Q96PU5,Q9NYA4,0.305725116872361
Q9NYA4,Q96PU5,0.305725116872361
Q96PU5,Q9UNE7,0.305725116872361
Q9UNE7,Q96PU5,0.305725116872361
P26012,Q15583,0.1051600884334792
Q15583,P26012,0.1051600884334792
P26012,Q9Y5K5,0.305725116872361
Q9Y5K5,P26012,0.305725116872361
P26012,Q9HCE7,0.305725116872361
Q9HCE7,P26012,0.305725116872361
P26012,P84022,0.305725116872361
P84022,P26012,0.305725116872361
P26012,Q9Y618,0
Q9Y618,P26012,0
P26012,Q03167,0
Q03167,P26012,0
P26012,Q9HAU4,0.305725116872361
Q9HAU4,P26012,0.305725116872361
P26012,P62942,0.244207078953146
P62942,P26012,0.244207078953146
P26012,Q8N2S1,0
Q8N2S1,P26012,0
P26012,Q9NPB6,0.244207078953146
Q9NPB6,P26012,0.244207078953146
P26012,Q969W9,0.305725116872361
Q969W9,P26012,0.305725116872361
P26012,Q6ZSZ5,0.244207078953146
Q6ZSZ5,P26012,0.244207078953146
P26012,Q9Y4E8,0.305725116872361
Q9Y4E8,P26012,0.305725116872361
P26012,P27361,0.1051600884334792
P27361,P26012,0.1051600884334792
P26012,P62140,0.305725116872361
P62140,P26012,0.305725116872361
P26012,Q14766,0
Q14766,P26012,0
P26012,Q13573,0
Q13573,P26012,0
P26012,P51668,0
P51668,P26012,0
P26012,P61812,0
P61812,P26012,0
P26012,P36873,0.305725116872361
P36873,P26012,0.305725116872361
P26012,P62136,0.305725116872361
P62136,P26012,0.305725116872361
P26012,Q9P2M7,0.244207078953146
Q9P2M7,P26012,0.244207078953146
P26012,P61586,0.244207078953146
P61586,P26012,0.244207078953146
P26012,Q9GZN2,0.1051600884334792
Q9GZN2,P26012,0.1051600884334792
P26012,P67809,0.1051600884334792
P67809,P26012,0.1051600884334792
P26012,P36897,0.305725116872361
P36897,P26012,0.305725116872361
P26012,Q9UPN9,0
Q9UPN9,P26012,0
P26012,P28482,0.1051600884334792
P28482,P26012,0.1051600884334792
P26012,P49336,0.1051600884334792
P49336,P26012,0.1051600884334792
P26012,Q9NS15,0
Q9NS15,P26012,0
P26012,Q9UN42,0
Q9UN42,P26012,0
P26012,Q15329,0.1051600884334792
Q15329,P26012,0.1051600884334792
P26012,Q16254,0.1051600884334792
Q16254,P26012,0.1051600884334792
P26012,Q13145,0.305725116872361
Q13145,P26012,0.305725116872361
P26012,P61077,0
P61077,P26012,0
P26012,Q9Y624,0.244207078953146
Q9Y624,P26012,0.244207078953146
P26012,P62987,0.305725116872361
P62987,P26012,0.305725116872361
P26012,Q8TEW0,0.244207078953146
Q8TEW0,P26012,0.244207078953146
P26012,Q15843,0
Q15843,P26012,0
P26012,Q14767,0
Q14767,P26012,0
P26012,Q96PU5,0.305725116872361
Q96PU5,P26012,0.305725116872361
P26012,P62979,0.305725116872361
P62979,P26012,0.305725116872361
P26012,Q15796,0.305725116872361
Q15796,P26012,0.305725116872361
P26012,Q9Y3F4,0.305725116872361
Q9Y3F4,P26012,0.305725116872361
P26012,P53708,0
P53708,P26012,0
P26012,P61081,0
P61081,P26012,0
P26012,Q05513,0.244207078953146
Q05513,P26012,0.244207078953146
P26012,Q9GZV5,0.1051600884334792
Q9GZV5,P26012,0.1051600884334792
P26012,P42772,0.1051600884334792
P42772,P26012,0.1051600884334792
P26012,Q93008,0
Q93008,P26012,0
P26012,P37173,0.305725116872361
P37173,P26012,0.305725116872361
P26012,Q9NYA4,0.305725116872361
Q9NYA4,P26012,0.305725116872361
P26012,Q14186,0.1051600884334792
Q14186,P26012,0.1051600884334792
P26012,Q6ZNA4,0.1051600884334792
Q6ZNA4,P26012,0.1051600884334792
P26012,P35813,0
P35813,P26012,0
P26012,Q14188,0.1051600884334792
Q14188,P26012,0.1051600884334792
P26012,Q9UNE7,0.305725116872361
Q9UNE7,P26012,0.305725116872361
P26012,Q13547,0.1051600884334792
Q13547,P26012,0.1051600884334792
P26012,P50750,0.1051600884334792
P50750,P26012,0.1051600884334792
P26012,P28749,0.1051600884334792
P28749,P26012,0.1051600884334792
P26012,Q13485,0.1051600884334792
Q13485,P26012,0.1051600884334792
P26012,Q09472,0.1051600884334792
Q09472,P26012,0.1051600884334792
P62979,Q15583,0.2963850906182176
Q15583,P62979,0.2963850906182176
P62979,Q9Y5K5,0.305725116872361
Q9Y5K5,P62979,0.305725116872361
P62979,Q9HCE7,0.305725116872361
Q9HCE7,P62979,0.305725116872361
P62979,P84022,0.305725116872361
P84022,P62979,0.305725116872361
P62979,Q9Y618,0.2963850906182176
Q9Y618,P62979,0.2963850906182176
P62979,Q03167,0.305725116872361
Q03167,P62979,0.305725116872361
P62979,Q9HAU4,0.305725116872361
Q9HAU4,P62979,0.305725116872361
P62979,Q8N2S1,0.305725116872361
Q8N2S1,P62979,0.305725116872361
P62979,Q9NPB6,0.244207078953146
Q9NPB6,P62979,0.244207078953146
P62979,Q969W9,0.305725116872361
Q969W9,P62979,0.305725116872361
P62979,Q6ZSZ5,0.244207078953146
Q6ZSZ5,P62979,0.244207078953146
P62979,Q9Y4E8,0.305725116872361
Q9Y4E8,P62979,0.305725116872361
P62979,Q14766,0.305725116872361
Q14766,P62979,0.305725116872361
P62979,Q13573,0.2963850906182176
Q13573,P62979,0.2963850906182176
P62979,Q9P2M7,0.244207078953146
Q9P2M7,P62979,0.244207078953146
P62979,Q9GZN2,0.2963850906182176
Q9GZN2,P62979,0.2963850906182176
P62979,P67809,0.2609127724559987
P67809,P62979,0.2609127724559987
P62979,Q9UPN9,0.2963850906182176
Q9UPN9,P62979,0.2963850906182176
P62979,Q9NS15,0.305725116872361
Q9NS15,P62979,0.305725116872361
P62979,Q9UN42,0.2963850906182176
Q9UN42,P62979,0.2963850906182176
P62979,Q15329,0.2609127724559987
Q15329,P62979,0.2609127724559987
P62979,Q16254,0.2609127724559987
Q16254,P62979,0.2609127724559987
P62979,Q13145,0.305725116872361
Q13145,P62979,0.305725116872361
P62979,Q9Y624,0.244207078953146
Q9Y624,P62979,0.244207078953146
P62979,P62987,0.305725116872361
P62987,P62979,0.305725116872361
P62979,Q8TEW0,0.244207078953146
Q8TEW0,P62979,0.244207078953146
P62979,Q15843,0.305725116872361
Q15843,P62979,0.305725116872361
P62979,Q14767,0.305725116872361
Q14767,P62979,0.305725116872361
P62979,Q96PU5,0.305725116872361
Q96PU5,P62979,0.305725116872361
P62979,Q15796,0.305725116872361
Q15796,P62979,0.305725116872361
P62979,Q9Y3F4,0.305725116872361
Q9Y3F4,P62979,0.305725116872361
P62979,Q05513,0.244207078953146
Q05513,P62979,0.244207078953146
P62979,Q9GZV5,0.2963850906182176
Q9GZV5,P62979,0.2963850906182176
P62979,Q93008,0.2963850906182176
Q93008,P62979,0.2963850906182176
P62979,Q9NYA4,0.305725116872361
Q9NYA4,P62979,0.305725116872361
P62979,Q14186,0.2609127724559987
Q14186,P62979,0.2609127724559987
P62979,Q6ZNA4,0.2963850906182176
Q6ZNA4,P62979,0.2963850906182176
P62979,Q14188,0.2609127724559987
Q14188,P62979,0.2609127724559987
P62979,Q9UNE7,0.305725116872361
Q9UNE7,P62979,0.305725116872361
P62979,Q13547,0.2963850906182176
Q13547,P62979,0.2963850906182176
P62979,Q13485,0.2963850906182176
Q13485,P62979,0.2963850906182176
P62979,Q09472,0.2609127724559987
Q09472,P62979,0.2609127724559987
Q15796,Q9Y5K5,0.305725116872361
Q9Y5K5,Q15796,0.305725116872361
Q15796,Q9HCE7,0.305725116872361
Q9HCE7,Q15796,0.305725116872361
Q15796,Q9Y618,0.2963850906182176
Q9Y618,Q15796,0.2963850906182176
Q15796,Q9HAU4,0.305725116872361
Q9HAU4,Q15796,0.305725116872361
Q15796,Q8N2S1,0.305725116872361
Q8N2S1,Q15796,0.305725116872361
Q15796,Q9NPB6,0.244207078953146
Q9NPB6,Q15796,0.244207078953146
Q15796,Q969W9,0.305725116872361
Q969W9,Q15796,0.305725116872361
Q15796,Q6ZSZ5,0.244207078953146
Q6ZSZ5,Q15796,0.244207078953146
Q15796,Q9Y4E8,0.305725116872361
Q9Y4E8,Q15796,0.305725116872361
Q15796,Q9P2M7,0.244207078953146
Q9P2M7,Q15796,0.244207078953146
Q15796,Q9GZN2,0.2963850906182176
Q9GZN2,Q15796,0.2963850906182176
Q15796,Q9UPN9,0.2963850906182176
Q9UPN9,Q15796,0.2963850906182176
Q15796,Q9NS15,0.305725116872361
Q9NS15,Q15796,0.305725116872361
Q15796,Q9UN42,0.2963850906182176
Q9UN42,Q15796,0.2963850906182176
Q15796,Q16254,0.2609127724559987
Q16254,Q15796,0.2609127724559987
Q15796,Q9Y624,0.244207078953146
Q9Y624,Q15796,0.244207078953146
Q15796,Q8TEW0,0.244207078953146
Q8TEW0,Q15796,0.244207078953146
Q15796,Q15843,0.305725116872361
Q15843,Q15796,0.305725116872361
Q15796,Q96PU5,0.305725116872361
Q96PU5,Q15796,0.305725116872361
Q15796,Q9Y3F4,0.305725116872361
Q9Y3F4,Q15796,0.305725116872361
Q15796,Q9GZV5,0.2963850906182176
Q9GZV5,Q15796,0.2963850906182176
Q15796,Q93008,0.2963850906182176
Q93008,Q15796,0.2963850906182176
Q15796,Q9NYA4,0.305725116872361
Q9NYA4,Q15796,0.305725116872361
Q15796,Q6ZNA4,0.2963850906182176
Q6ZNA4,Q15796,0.2963850906182176
Q15796,Q9UNE7,0.305725116872361
Q9UNE7,Q15796,0.305725116872361
Q9Y3F4,Q9Y5K5,0.305725116872361
Q9Y5K5,Q9Y3F4,0.305725116872361
Q9Y3F4,Q9Y618,0.2963850906182176
Q9Y618,Q9Y3F4,0.2963850906182176
Q9Y3F4,Q9Y4E8,0.305725116872361
Q9Y4E8,Q9Y3F4,0.305725116872361
Q9Y3F4,Q9Y624,0.244207078953146
Q9Y624,Q9Y3F4,0.244207078953146
O75807,Q15583,0.2963850906182176
Q15583,O75807,0.2963850906182176
O75807,Q9Y5K5,0.305725116872361
Q9Y5K5,O75807,0.305725116872361
O75807,Q9HCE7,0.305725116872361
Q9HCE7,O75807,0.305725116872361
O75807,P84022,0.305725116872361
P84022,O75807,0.305725116872361
O75807,Q9Y618,0.2963850906182176
Q9Y618,O75807,0.2963850906182176
O75807,Q03167,0.305725116872361
Q03167,O75807,0.305725116872361
O75807,Q9HAU4,0.305725116872361
Q9HAU4,O75807,0.305725116872361
O75807,P62942,0.305725116872361
P62942,O75807,0.305725116872361
O75807,Q8N2S1,0.305725116872361
Q8N2S1,O75807,0.305725116872361
O75807,Q9NPB6,0.244207078953146
Q9NPB6,O75807,0.244207078953146
O75807,Q969W9,0.305725116872361
Q969W9,O75807,0.305725116872361
O75807,Q6ZSZ5,0.244207078953146
Q6ZSZ5,O75807,0.244207078953146
O75807,Q9Y4E8,0.305725116872361
Q9Y4E8,O75807,0.305725116872361
O75807,P27361,0.2963850906182176
P27361,O75807,0.2963850906182176
O75807,P62140,0.305725116872361
P62140,O75807,0.305725116872361
O75807,O75909,0.1051600884334792
O75909,O75807,0.1051600884334792
O75807,Q14766,0.305725116872361
Q14766,O75807,0.305725116872361
O75807,P09958,0.1051600884334792
P09958,O75807,0.1051600884334792
O75807,Q13573,0.2963850906182176
Q13573,O75807,0.2963850906182176
O75807,P51668,0.2963850906182176
P51668,O75807,0.2963850906182176
O75807,P61812,0.305725116872361
P61812,O75807,0.305725116872361
O75807,P22681,0.305725116872361
P22681,O75807,0.305725116872361
O75807,P36873,0.305725116872361
P36873,O75807,0.305725116872361
O75807,P62136,0.305725116872361
P62136,O75807,0.305725116872361
O75807,P0CG48,0.305725116872361
P0CG48,O75807,0.305725116872361
O75807,P08123,0.1051600884334792
P08123,O75807,0.1051600884334792
O75807,Q9P2M7,0.244207078953146
Q9P2M7,O75807,0.244207078953146
O75807,P06756,0.305725116872361
P06756,O75807,0.305725116872361
O75807,P61586,0.244207078953146
P61586,O75807,0.244207078953146
O75807,Q9GZN2,0.2963850906182176
Q9GZN2,O75807,0.2963850906182176
O75807,P24863,0.1051600884334792
P24863,O75807,0.1051600884334792
O75807,P67809,0.1051600884334792
P67809,O75807,0.1051600884334792
O75807,P36897,0.305725116872361
P36897,O75807,0.305725116872361
O75807,Q9UPN9,0.2963850906182176
Q9UPN9,O75807,0.2963850906182176
O75807,P28482,0.2963850906182176
P28482,O75807,0.2963850906182176
O75807,P01137,0.305725116872361
P01137,O75807,0.305725116872361
O75807,P09874,0.2963850906182176
P09874,O75807,0.2963850906182176
O75807,P18084,0.305725116872361
P18084,O75807,0.305725116872361
O75807,P49336,0.1051600884334792
P49336,O75807,0.1051600884334792
O75807,Q9NS15,0.305725116872361
Q9NS15,O75807,0.305725116872361
O75807,Q9UN42,0.2963850906182176
Q9UN42,O75807,0.2963850906182176
O75807,P12757,0.2963850906182176
P12757,O75807,0.2963850906182176
O75807,Q15329,0.1051600884334792
Q15329,O75807,0.1051600884334792
O75807,P05556,0.305725116872361
P05556,O75807,0.305725116872361
O75807,P18564,0.305725116872361
P18564,O75807,0.305725116872361
O75807,P08047,0.1051600884334792
P08047,O75807,0.1051600884334792
O75807,Q16254,0.1051600884334792
Q16254,O75807,0.1051600884334792
O75807,P05121,0.1051600884334792
P05121,O75807,0.1051600884334792
O75807,Q13145,0.305725116872361
Q13145,O75807,0.305725116872361
O75807,P61077,0.2963850906182176
P61077,O75807,0.2963850906182176
O75807,Q9Y624,0.244207078953146
Q9Y624,O75807,0.244207078953146
O75807,P62987,0.305725116872361
P62987,O75807,0.305725116872361
O75807,P12755,0.2963850906182176
P12755,O75807,0.2963850906182176
O75807,Q8TEW0,0.244207078953146
Q8TEW0,O75807,0.244207078953146
O75807,Q15843,0.305725116872361
Q15843,O75807,0.305725116872361
O75807,Q14767,0.305725116872361
Q14767,O75807,0.305725116872361
O75807,Q96PU5,0.305725116872361
Q96PU5,O75807,0.305725116872361
O75807,P26012,0.305725116872361
P26012,O75807,0.305725116872361
O75807,P62979,0.305725116872361
P62979,O75807,0.305725116872361
O75807,Q15796,0.305725116872361
Q15796,O75807,0.305725116872361
O75807,Q9Y3F4,0.305725116872361
Q9Y3F4,O75807,0.305725116872361
O75807,P53708,0.305725116872361
P53708,O75807,0.305725116872361
O75807,P0CG47,0.305725116872361
P0CG47,O75807,0.305725116872361
O75807,P61081,0.305725116872361
P61081,O75807,0.305725116872361
O75807,Q05513,0.244207078953146
Q05513,O75807,0.244207078953146
O75807,Q9GZV5,0.2963850906182176
Q9GZV5,O75807,0.2963850906182176
O75807,P42772,0.1051600884334792
P42772,O75807,0.1051600884334792
O75807,Q93008,0.2963850906182176
Q93008,O75807,0.2963850906182176
O75807,P01106,0.1051600884334792
P01106,O75807,0.1051600884334792
O75807,P37173,0.305725116872361
P37173,O75807,0.305725116872361
O75807,P10600,0.305725116872361
P10600,O75807,0.305725116872361
O75807,P05106,0.305725116872361
P05106,O75807,0.305725116872361
O75807,Q9NYA4,0.305725116872361
Q9NYA4,O75807,0.305725116872361
O75807,Q14186,0.1051600884334792
Q14186,O75807,0.1051600884334792
O75807,Q6ZNA4,0.2963850906182176
Q6ZNA4,O75807,0.2963850906182176
O75807,P35813,0.2963850906182176
P35813,O75807,0.2963850906182176
O75807,Q14188,0.1051600884334792
Q14188,O75807,0.1051600884334792
O75807,Q9UNE7,0.305725116872361
Q9UNE7,O75807,0.305725116872361
O75807,Q13547,0.2963850906182176
Q13547,O75807,0.2963850906182176
O75807,P17275,0.1051600884334792
P17275,O75807,0.1051600884334792
O75807,P50750,0.1051600884334792
P50750,O75807,0.1051600884334792
O75807,P28749,0.1051600884334792
P28749,O75807,0.1051600884334792
O75807,Q13485,0.2963850906182176
Q13485,O75807,0.2963850906182176
O75807,Q09472,0.1051600884334792
Q09472,O75807,0.1051600884334792
P53708,Q15583,0.1051600884334792
Q15583,P53708,0.1051600884334792
P53708,Q9Y5K5,0.305725116872361
Q9Y5K5,P53708,0.305725116872361
P53708,Q9HCE7,0.305725116872361
Q9HCE7,P53708,0.305725116872361
P53708,P84022,0.305725116872361
P84022,P53708,0.305725116872361
P53708,Q9Y618,0
Q9Y618,P53708,0
P53708,Q03167,0
Q03167,P53708,0
P53708,Q9HAU4,0.305725116872361
Q9HAU4,P53708,0.305725116872361
P53708,P62942,0.244207078953146
P62942,P53708,0.244207078953146
P53708,Q8N2S1,0
Q8N2S1,P53708,0
P53708,Q9NPB6,0.244207078953146
Q9NPB6,P53708,0.244207078953146
P53708,Q969W9,0.305725116872361
Q969W9,P53708,0.305725116872361
P53708,Q6ZSZ5,0.244207078953146
Q6ZSZ5,P53708,0.244207078953146
P53708,Q9Y4E8,0.305725116872361
Q9Y4E8,P53708,0.305725116872361
P53708,P62140,0.305725116872361
P62140,P53708,0.305725116872361
P53708,Q14766,0
Q14766,P53708,0
P53708,Q13573,0
Q13573,P53708,0
P53708,P61812,0
P61812,P53708,0
P53708,P62136,0.305725116872361
P62136,P53708,0.305725116872361
P53708,Q9P2M7,0.244207078953146
Q9P2M7,P53708,0.244207078953146
P53708,P61586,0.244207078953146
P61586,P53708,0.244207078953146
P53708,Q9GZN2,0.1051600884334792
Q9GZN2,P53708,0.1051600884334792
P53708,P67809,0.1051600884334792
P67809,P53708,0.1051600884334792
P53708,Q9UPN9,0
Q9UPN9,P53708,0
P53708,Q9NS15,0
Q9NS15,P53708,0
P53708,Q9UN42,0
Q9UN42,P53708,0
P53708,Q15329,0.1051600884334792
Q15329,P53708,0.1051600884334792
P53708,Q16254,0.1051600884334792
Q16254,P53708,0.1051600884334792
P53708,Q13145,0.305725116872361
Q13145,P53708,0.305725116872361
P53708,P61077,0
P61077,P53708,0
P53708,Q9Y624,0.244207078953146
Q9Y624,P53708,0.244207078953146
P53708,P62987,0.305725116872361
P62987,P53708,0.305725116872361
P53708,Q8TEW0,0.244207078953146
Q8TEW0,P53708,0.244207078953146
P53708,Q15843,0
Q15843,P53708,0
P53708,Q14767,0
Q14767,P53708,0
P53708,Q96PU5,0.305725116872361
Q96PU5,P53708,0.305725116872361
P53708,P62979,0.305725116872361
P62979,P53708,0.305725116872361
P53708,Q15796,0.305725116872361
Q15796,P53708,0.305725116872361
P53708,Q9Y3F4,0.305725116872361
Q9Y3F4,P53708,0.305725116872361
P53708,P61081,0
P61081,P53708,0
P53708,Q05513,0.244207078953146
Q05513,P53708,0.244207078953146
P53708,Q9GZV5,0.1051600884334792
Q9GZV5,P53708,0.1051600884334792
P53708,Q93008,0
Q93008,P53708,0
P53708,Q9NYA4,0.305725116872361
Q9NYA4,P53708,0.305725116872361
P53708,Q14186,0.1051600884334792
Q14186,P53708,0.1051600884334792
P53708,Q6ZNA4,0.1051600884334792
Q6ZNA4,P53708,0.1051600884334792
P53708,Q14188,0.1051600884334792
Q14188,P53708,0.1051600884334792
P53708,Q9UNE7,0.305725116872361
Q9UNE7,P53708,0.305725116872361
P53708,Q13547,0.1051600884334792
Q13547,P53708,0.1051600884334792
P53708,Q13485,0.1051600884334792
Q13485,P53708,0.1051600884334792
P53708,Q09472,0.1051600884334792
Q09472,P53708,0.1051600884334792
P0CG47,Q15583,0.2963850906182176
Q15583,P0CG47,0.2963850906182176
P0CG47,Q9Y5K5,0.305725116872361
Q9Y5K5,P0CG47,0.305725116872361
P0CG47,Q9HCE7,0.305725116872361
Q9HCE7,P0CG47,0.305725116872361
P0CG47,P84022,0.305725116872361
P84022,P0CG47,0.305725116872361
P0CG47,Q9Y618,0.2963850906182176
Q9Y618,P0CG47,0.2963850906182176
P0CG47,Q03167,0.305725116872361
Q03167,P0CG47,0.305725116872361
P0CG47,Q9HAU4,0.305725116872361
Q9HAU4,P0CG47,0.305725116872361
P0CG47,P62942,0.305725116872361
P62942,P0CG47,0.305725116872361
P0CG47,Q8N2S1,0.305725116872361
Q8N2S1,P0CG47,0.305725116872361
P0CG47,Q9NPB6,0.244207078953146
Q9NPB6,P0CG47,0.244207078953146
P0CG47,Q969W9,0.305725116872361
Q969W9,P0CG47,0.305725116872361
P0CG47,Q6ZSZ5,0.244207078953146
Q6ZSZ5,P0CG47,0.244207078953146
P0CG47,Q9Y4E8,0.305725116872361
Q9Y4E8,P0CG47,0.305725116872361
P0CG47,P27361,0.2963850906182176
P27361,P0CG47,0.2963850906182176
P0CG47,P62140,0.305725116872361
P62140,P0CG47,0.305725116872361
P0CG47,Q14766,0.305725116872361
Q14766,P0CG47,0.305725116872361
P0CG47,Q13573,0.2963850906182176
Q13573,P0CG47,0.2963850906182176
P0CG47,P51668,0.2963850906182176
P51668,P0CG47,0.2963850906182176
P0CG47,P61812,0.305725116872361
P61812,P0CG47,0.305725116872361
P0CG47,P22681,0.305725116872361
P22681,P0CG47,0.305725116872361
P0CG47,P36873,0.305725116872361
P36873,P0CG47,0.305725116872361
P0CG47,P62136,0.305725116872361
P62136,P0CG47,0.305725116872361
P0CG47,P0CG48,0.305725116872361
P0CG48,P0CG47,0.305725116872361
P0CG47,Q9P2M7,0.244207078953146
Q9P2M7,P0CG47,0.244207078953146
P0CG47,P61586,0.244207078953146
P61586,P0CG47,0.244207078953146
P0CG47,Q9GZN2,0.2963850906182176
Q9GZN2,P0CG47,0.2963850906182176
P0CG47,P24863,0.2609127724559987
P24863,P0CG47,0.2609127724559987
P0CG47,P67809,0.2609127724559987
P67809,P0CG47,0.2609127724559987
P0CG47,P36897,0.305725116872361
P36897,P0CG47,0.305725116872361
P0CG47,Q9UPN9,0.2963850906182176
Q9UPN9,P0CG47,0.2963850906182176
P0CG47,P28482,0.2963850906182176
P28482,P0CG47,0.2963850906182176
P0CG47,P18084,0.305725116872361
P18084,P0CG47,0.305725116872361
P0CG47,P49336,0.2609127724559987
P49336,P0CG47,0.2609127724559987
P0CG47,Q9NS15,0.305725116872361
Q9NS15,P0CG47,0.305725116872361
P0CG47,Q9UN42,0.2963850906182176
Q9UN42,P0CG47,0.2963850906182176
P0CG47,P12757,0.2963850906182176
P12757,P0CG47,0.2963850906182176
P0CG47,Q15329,0.2609127724559987
Q15329,P0CG47,0.2609127724559987
P0CG47,P18564,0.305725116872361
P18564,P0CG47,0.305725116872361
P0CG47,Q16254,0.2609127724559987
Q16254,P0CG47,0.2609127724559987
P0CG47,Q13145,0.305725116872361
Q13145,P0CG47,0.305725116872361
P0CG47,P61077,0.2963850906182176
P61077,P0CG47,0.2963850906182176
P0CG47,Q9Y624,0.244207078953146
Q9Y624,P0CG47,0.244207078953146
P0CG47,P62987,0.305725116872361
P62987,P0CG47,0.305725116872361
P0CG47,P12755,0.2963850906182176
P12755,P0CG47,0.2963850906182176
P0CG47,Q8TEW0,0.244207078953146
Q8TEW0,P0CG47,0.244207078953146
P0CG47,Q15843,0.305725116872361
Q15843,P0CG47,0.305725116872361
P0CG47,Q14767,0.305725116872361
Q14767,P0CG47,0.305725116872361
P0CG47,Q96PU5,0.305725116872361
Q96PU5,P0CG47,0.305725116872361
P0CG47,P26012,0.305725116872361
P26012,P0CG47,0.305725116872361
P0CG47,P62979,0.305725116872361
P62979,P0CG47,0.305725116872361
P0CG47,Q15796,0.305725116872361
Q15796,P0CG47,0.305725116872361
P0CG47,Q9Y3F4,0.305725116872361
Q9Y3F4,P0CG47,0.305725116872361
P0CG47,P53708,0.305725116872361
P53708,P0CG47,0.305725116872361
P0CG47,P61081,0.305725116872361
P61081,P0CG47,0.305725116872361
P0CG47,Q05513,0.244207078953146
Q05513,P0CG47,0.244207078953146
P0CG47,Q9GZV5,0.2963850906182176
Q9GZV5,P0CG47,0.2963850906182176
P0CG47,P42772,0.2609127724559987
P42772,P0CG47,0.2609127724559987
P0CG47,Q93008,0.2963850906182176
Q93008,P0CG47,0.2963850906182176
P0CG47,P37173,0.305725116872361
P37173,P0CG47,0.305725116872361
P0CG47,P10600,0.305725116872361
P10600,P0CG47,0.305725116872361
P0CG47,Q9NYA4,0.305725116872361
Q9NYA4,P0CG47,0.305725116872361
P0CG47,Q14186,0.2609127724559987
Q14186,P0CG47,0.2609127724559987
P0CG47,Q6ZNA4,0.2963850906182176
Q6ZNA4,P0CG47,0.2963850906182176
P0CG47,P35813,0.2963850906182176
P35813,P0CG47,0.2963850906182176
P0CG47,Q14188,0.2609127724559987
Q14188,P0CG47,0.2609127724559987
P0CG47,Q9UNE7,0.305725116872361
Q9UNE7,P0CG47,0.305725116872361
P0CG47,Q13547,0.2963850906182176
Q13547,P0CG47,0.2963850906182176
P0CG47,P17275,0.2609127724559987
P17275,P0CG47,0.2609127724559987
P0CG47,P50750,0.2609127724559987
P50750,P0CG47,0.2609127724559987
P0CG47,P28749,0.2609127724559987
P28749,P0CG47,0.2609127724559987
P0CG47,Q13485,0.2963850906182176
Q13485,P0CG47,0.2963850906182176
P0CG47,Q09472,0.2609127724559987
Q09472,P0CG47,0.2609127724559987
P61081,Q15583,0.1051600884334792
Q15583,P61081,0.1051600884334792
P61081,Q9Y5K5,0.305725116872361
Q9Y5K5,P61081,0.305725116872361
P61081,Q9HCE7,0.305725116872361
Q9HCE7,P61081,0.305725116872361
P61081,P84022,0.305725116872361
P84022,P61081,0.305725116872361
P61081,Q9Y618,0
Q9Y618,P61081,0
P61081,Q03167,0
Q03167,P61081,0
P61081,Q9HAU4,0.305725116872361
Q9HAU4,P61081,0.305725116872361
P61081,P62942,0.244207078953146
P62942,P61081,0.244207078953146
P61081,Q8N2S1,0
Q8N2S1,P61081,0
P61081,Q9NPB6,0.244207078953146
Q9NPB6,P61081,0.244207078953146
P61081,Q969W9,0.305725116872361
Q969W9,P61081,0.305725116872361
P61081,Q6ZSZ5,0.244207078953146
Q6ZSZ5,P61081,0.244207078953146
P61081,Q9Y4E8,0.305725116872361
Q9Y4E8,P61081,0.305725116872361
P61081,P62140,0.305725116872361
P62140,P61081,0.305725116872361
P61081,Q14766,0
Q14766,P61081,0
P61081,Q13573,0
Q13573,P61081,0
P61081,P61812,0
P61812,P61081,0
P61081,P62136,0.305725116872361
P62136,P61081,0.305725116872361
P61081,Q9P2M7,0.244207078953146
Q9P2M7,P61081,0.244207078953146
P61081,P61586,0.244207078953146
P61586,P61081,0.244207078953146
P61081,Q9GZN2,0.1051600884334792
Q9GZN2,P61081,0.1051600884334792
P61081,P67809,0.1051600884334792
P67809,P61081,0.1051600884334792
P61081,Q9UPN9,0
Q9UPN9,P61081,0
P61081,Q9NS15,0
Q9NS15,P61081,0
P61081,Q9UN42,0
Q9UN42,P61081,0
P61081,Q15329,0.1051600884334792
Q15329,P61081,0.1051600884334792
P61081,Q16254,0.1051600884334792
Q16254,P61081,0.1051600884334792
P61081,Q13145,0.305725116872361
Q13145,P61081,0.305725116872361
P61081,Q9Y624,0.244207078953146
Q9Y624,P61081,0.244207078953146
P61081,P62987,0.305725116872361
P62987,P61081,0.305725116872361
P61081,Q8TEW0,0.244207078953146
Q8TEW0,P61081,0.244207078953146
P61081,Q15843,0
Q15843,P61081,0
P61081,Q14767,0
Q14767,P61081,0
P61081,Q96PU5,0.305725116872361
Q96PU5,P61081,0.305725116872361
P61081,P62979,0.305725116872361
P62979,P61081,0.305725116872361
P61081,Q15796,0.305725116872361
Q15796,P61081,0.305725116872361
P61081,Q9Y3F4,0.305725116872361
Q9Y3F4,P61081,0.305725116872361
P61081,Q05513,0.244207078953146
Q05513,P61081,0.244207078953146
P61081,Q9GZV5,0.1051600884334792
Q9GZV5,P61081,0.1051600884334792
P61081,Q93008,0
Q93008,P61081,0
P61081,Q9NYA4,0.305725116872361
Q9NYA4,P61081,0.305725116872361
P61081,Q14186,0.1051600884334792
Q14186,P61081,0.1051600884334792
P61081,Q6ZNA4,0.1051600884334792
Q6ZNA4,P61081,0.1051600884334792
P61081,Q14188,0.1051600884334792
Q14188,P61081,0.1051600884334792
P61081,Q9UNE7,0.305725116872361
Q9UNE7,P61081,0.305725116872361
P61081,Q13547,0.1051600884334792
Q13547,P61081,0.1051600884334792
P61081,Q13485,0.1051600884334792
Q13485,P61081,0.1051600884334792
P61081,Q09472,0.1051600884334792
Q09472,P61081,0.1051600884334792
Q05513,Q15583,0
Q15583,Q05513,0
Q05513,Q9Y5K5,0.244207078953146
Q9Y5K5,Q05513,0.244207078953146
Q05513,Q9HCE7,0.244207078953146
Q9HCE7,Q05513,0.244207078953146
Q05513,Q9Y618,0
Q9Y618,Q05513,0
Q05513,Q9HAU4,0.244207078953146
Q9HAU4,Q05513,0.244207078953146
Q05513,Q8N2S1,0.244207078953146
Q8N2S1,Q05513,0.244207078953146
Q05513,Q9NPB6,0
Q9NPB6,Q05513,0
Q05513,Q969W9,0.244207078953146
Q969W9,Q05513,0.244207078953146
Q05513,Q6ZSZ5,0
Q6ZSZ5,Q05513,0
Q05513,Q9Y4E8,0.244207078953146
Q9Y4E8,Q05513,0.244207078953146
Q05513,Q14766,0.244207078953146
Q14766,Q05513,0.244207078953146
Q05513,Q13573,0
Q13573,Q05513,0
Q05513,Q9P2M7,0
Q9P2M7,Q05513,0
Q05513,Q9GZN2,0
Q9GZN2,Q05513,0
Q05513,Q9UPN9,0
Q9UPN9,Q05513,0
Q05513,Q9NS15,0.244207078953146
Q9NS15,Q05513,0.244207078953146
Q05513,Q9UN42,0
Q9UN42,Q05513,0
Q05513,Q15329,0
Q15329,Q05513,0
Q05513,Q16254,0
Q16254,Q05513,0
Q05513,Q13145,0.244207078953146
Q13145,Q05513,0.244207078953146
Q05513,Q9Y624,0
Q9Y624,Q05513,0
Q05513,Q8TEW0,0
Q8TEW0,Q05513,0
Q05513,Q15843,0.244207078953146
Q15843,Q05513,0.244207078953146
Q05513,Q14767,0.244207078953146
Q14767,Q05513,0.244207078953146
Q05513,Q96PU5,0.244207078953146
Q96PU5,Q05513,0.244207078953146
Q05513,Q15796,0.244207078953146
Q15796,Q05513,0.244207078953146
Q05513,Q9Y3F4,0.244207078953146
Q9Y3F4,Q05513,0.244207078953146
Q05513,Q9GZV5,0
Q9GZV5,Q05513,0
Q05513,Q93008,0
Q93008,Q05513,0
Q05513,Q9NYA4,0.244207078953146
Q9NYA4,Q05513,0.244207078953146
Q05513,Q14186,0
Q14186,Q05513,0
Q05513,Q6ZNA4,0
Q6ZNA4,Q05513,0
Q05513,Q14188,0
Q14188,Q05513,0
Q05513,Q9UNE7,0.244207078953146
Q9UNE7,Q05513,0.244207078953146
Q05513,Q13547,0
Q13547,Q05513,0
Q05513,Q13485,0
Q13485,Q05513,0
Q05513,Q09472,0
Q09472,Q05513,0
Q9GZV5,Q9Y5K5,0.2963850906182176
Q9Y5K5,Q9GZV5,0.2963850906182176
Q9GZV5,Q9HCE7,0.2963850906182176
Q9HCE7,Q9GZV5,0.2963850906182176
Q9GZV5,Q9Y618,0.2609127724559987
Q9Y618,Q9GZV5,0.2609127724559987
Q9GZV5,Q9HAU4,0.2963850906182176
Q9HAU4,Q9GZV5,0.2963850906182176
Q9GZV5,Q9NPB6,0
Q9NPB6,Q9GZV5,0
Q9GZV5,Q9Y4E8,0.2963850906182176
Q9Y4E8,Q9GZV5,0.2963850906182176
Q9GZV5,Q9P2M7,0
Q9P2M7,Q9GZV5,0
Q9GZV5,Q9UPN9,0.2609127724559987
Q9UPN9,Q9GZV5,0.2609127724559987
Q9GZV5,Q9NS15,0.1051600884334792
Q9NS15,Q9GZV5,0.1051600884334792
Q9GZV5,Q9UN42,0.2609127724559987
Q9UN42,Q9GZV5,0.2609127724559987
Q9GZV5,Q9Y624,0
Q9Y624,Q9GZV5,0
Q9GZV5,Q9Y3F4,0.2963850906182176
Q9Y3F4,Q9GZV5,0.2963850906182176
Q9GZV5,Q9NYA4,0.2963850906182176
Q9NYA4,Q9GZV5,0.2963850906182176
Q9GZV5,Q9UNE7,0.2963850906182176
Q9UNE7,Q9GZV5,0.2963850906182176
P42772,Q15583,0.2609127724559987
Q15583,P42772,0.2609127724559987
P42772,Q9Y5K5,0.1051600884334792
Q9Y5K5,P42772,0.1051600884334792
P42772,Q9HCE7,0.1051600884334792
Q9HCE7,P42772,0.1051600884334792
P42772,P84022,0.2609127724559987
P84022,P42772,0.2609127724559987
P42772,Q9Y618,0.2609127724559987
Q9Y618,P42772,0.2609127724559987
P42772,Q03167,0.1051600884334792
Q03167,P42772,0.1051600884334792
P42772,Q9HAU4,0.2609127724559987
Q9HAU4,P42772,0.2609127724559987
P42772,P62942,0.1051600884334792
P62942,P42772,0.1051600884334792
P42772,Q8N2S1,0.1051600884334792
Q8N2S1,P42772,0.1051600884334792
P42772,Q9NPB6,0
Q9NPB6,P42772,0
P42772,Q969W9,0.1051600884334792
Q969W9,P42772,0.1051600884334792
P42772,Q6ZSZ5,0
Q6ZSZ5,P42772,0
P42772,Q9Y4E8,0.1051600884334792
Q9Y4E8,P42772,0.1051600884334792
P42772,P62140,0.1051600884334792
P62140,P42772,0.1051600884334792
P42772,Q14766,0.1051600884334792
Q14766,P42772,0.1051600884334792
P42772,Q13573,0.2609127724559987
Q13573,P42772,0.2609127724559987
P42772,P51668,0.2609127724559987
P51668,P42772,0.2609127724559987
P42772,P61812,0.1051600884334792
P61812,P42772,0.1051600884334792
P42772,P62136,0.1051600884334792
P62136,P42772,0.1051600884334792
P42772,Q9P2M7,0
Q9P2M7,P42772,0
P42772,P61586,0
P61586,P42772,0
P42772,Q9GZN2,0.2609127724559987
Q9GZN2,P42772,0.2609127724559987
P42772,P67809,0
P67809,P42772,0
P42772,Q9UPN9,0.2609127724559987
Q9UPN9,P42772,0.2609127724559987
P42772,P49336,0
P49336,P42772,0
P42772,Q9NS15,0.1051600884334792
Q9NS15,P42772,0.1051600884334792
P42772,Q9UN42,0.2609127724559987
Q9UN42,P42772,0.2609127724559987
P42772,Q15329,0
Q15329,P42772,0
P42772,Q16254,0
Q16254,P42772,0
P42772,Q13145,0.1051600884334792
Q13145,P42772,0.1051600884334792
P42772,P61077,0.2609127724559987
P61077,P42772,0.2609127724559987
P42772,Q9Y624,0
Q9Y624,P42772,0
P42772,P62987,0.2609127724559987
P62987,P42772,0.2609127724559987
P42772,Q8TEW0,0
Q8TEW0,P42772,0
P42772,Q15843,0.1051600884334792
Q15843,P42772,0.1051600884334792
P42772,Q14767,0.1051600884334792
Q14767,P42772,0.1051600884334792
P42772,Q96PU5,0.2609127724559987
Q96PU5,P42772,0.2609127724559987
P42772,P62979,0.2609127724559987
P62979,P42772,0.2609127724559987
P42772,Q15796,0.2609127724559987
Q15796,P42772,0.2609127724559987
P42772,Q9Y3F4,0.1051600884334792
Q9Y3F4,P42772,0.1051600884334792
P42772,P53708,0.1051600884334792
P53708,P42772,0.1051600884334792
P42772,P61081,0.1051600884334792
P61081,P42772,0.1051600884334792
P42772,Q05513,0
Q05513,P42772,0
P42772,Q9GZV5,0.2609127724559987
Q9GZV5,P42772,0.2609127724559987
P42772,Q93008,0.2609127724559987
Q93008,P42772,0.2609127724559987
P42772,Q9NYA4,0.1051600884334792
Q9NYA4,P42772,0.1051600884334792
P42772,Q14186,0
Q14186,P42772,0
P42772,Q6ZNA4,0.2609127724559987
Q6ZNA4,P42772,0.2609127724559987
P42772,Q14188,0
Q14188,P42772,0
P42772,Q9UNE7,0.1051600884334792
Q9UNE7,P42772,0.1051600884334792
P42772,Q13547,0.2609127724559987
Q13547,P42772,0.2609127724559987
P42772,P50750,0
P50750,P42772,0
P42772,Q13485,0.2609127724559987
Q13485,P42772,0.2609127724559987
P42772,Q09472,0
Q09472,P42772,0
O75376,Q15583,0.2609127724559987
Q15583,O75376,0.2609127724559987
O75376,Q9Y5K5,0.2963850906182176
Q9Y5K5,O75376,0.2963850906182176
O75376,Q9HCE7,0.2963850906182176
Q9HCE7,O75376,0.2963850906182176
O75376,P84022,0.2963850906182176
P84022,O75376,0.2963850906182176
O75376,Q9Y618,0
Q9Y618,O75376,0
O75376,Q03167,0
Q03167,O75376,0
O75376,Q9HAU4,0.2963850906182176
Q9HAU4,O75376,0.2963850906182176
O75376,P62942,0
P62942,O75376,0
O75376,Q8N2S1,0
Q8N2S1,O75376,0
O75376,Q9NPB6,0
Q9NPB6,O75376,0
O75376,Q969W9,0.2963850906182176
Q969W9,O75376,0.2963850906182176
O75376,Q6ZSZ5,0
Q6ZSZ5,O75376,0
O75376,Q9Y4E8,0.2963850906182176
Q9Y4E8,O75376,0.2963850906182176
O75376,P27361,0.2609127724559987
P27361,O75376,0.2609127724559987
O75376,P62140,0.2963850906182176
P62140,O75376,0.2963850906182176
O75376,O75909,0.2609127724559987
O75909,O75376,0.2609127724559987
O75376,Q14766,0
Q14766,O75376,0
O75376,P09958,0.2609127724559987
P09958,O75376,0.2609127724559987
O75376,Q13573,0
Q13573,O75376,0
O75376,P51668,0
P51668,O75376,0
O75376,P61812,0
P61812,O75376,0
O75376,P22681,0
P22681,O75376,0
O75376,P36873,0.2963850906182176
P36873,O75376,0.2963850906182176
O75376,P62136,0.2963850906182176
P62136,O75376,0.2963850906182176
O75376,P0CG48,0.2963850906182176
P0CG48,O75376,0.2963850906182176
O75376,P08123,0.2609127724559987
P08123,O75376,0.2609127724559987
O75376,Q9P2M7,0
Q9P2M7,O75376,0
O75376,P06756,0
P06756,O75376,0
O75376,P61586,0
P61586,O75376,0
O75376,Q9GZN2,0.2609127724559987
Q9GZN2,O75376,0.2609127724559987
O75376,P24863,0.2609127724559987
P24863,O75376,0.2609127724559987
O75376,P67809,0.2609127724559987
P67809,O75376,0.2609127724559987
O75376,P36897,0.2963850906182176
P36897,O75376,0.2963850906182176
O75376,Q9UPN9,0
Q9UPN9,O75376,0
O75376,P28482,0.2609127724559987
P28482,O75376,0.2609127724559987
O75376,P01137,0.2963850906182176
P01137,O75376,0.2963850906182176
O75376,P09874,0
P09874,O75376,0
O75376,P18084,0
P18084,O75376,0
O75376,P49336,0.2609127724559987
P49336,O75376,0.2609127724559987
O75376,Q9NS15,0
Q9NS15,O75376,0
O75376,Q9UN42,0
Q9UN42,O75376,0
O75376,P12757,0
P12757,O75376,0
O75376,Q15329,0.2609127724559987
Q15329,O75376,0.2609127724559987
O75376,P05556,0
P05556,O75376,0
O75376,P18564,0
P18564,O75376,0
O75376,P08047,0.2609127724559987
P08047,O75376,0.2609127724559987
O75376,Q16254,0.2609127724559987
Q16254,O75376,0.2609127724559987
O75376,P05121,0.2609127724559987
P05121,O75376,0.2609127724559987
O75376,Q13145,0.2963850906182176
Q13145,O75376,0.2963850906182176
O75376,P61077,0
P61077,O75376,0
O75376,Q9Y624,0
Q9Y624,O75376,0
O75376,P62987,0.2963850906182176
P62987,O75376,0.2963850906182176
O75376,P12755,0
P12755,O75376,0
O75376,Q8TEW0,0
Q8TEW0,O75376,0
O75376,Q15843,0
Q15843,O75376,0
O75376,Q14767,0
Q14767,O75376,0
O75376,Q96PU5,0.2963850906182176
Q96PU5,O75376,0.2963850906182176
O75376,P26012,0
P26012,O75376,0
O75376,P62979,0.2963850906182176
P62979,O75376,0.2963850906182176
O75376,Q15796,0.2963850906182176
Q15796,O75376,0.2963850906182176
O75376,Q9Y3F4,0.2963850906182176
Q9Y3F4,O75376,0.2963850906182176
O75376,O75807,0.2963850906182176
O75807,O75376,0.2963850906182176
O75376,P53708,0
P53708,O75376,0
O75376,P0CG47,0.2963850906182176
P0CG47,O75376,0.2963850906182176
O75376,P61081,0
P61081,O75376,0
O75376,Q05513,0
Q05513,O75376,0
O75376,Q9GZV5,0.2609127724559987
Q9GZV5,O75376,0.2609127724559987
O75376,P42772,0.2609127724559987
P42772,O75376,0.2609127724559987
O75376,Q93008,0
Q93008,O75376,0
O75376,P01106,0.2609127724559987
P01106,O75376,0.2609127724559987
O75376,P37173,0.2963850906182176
P37173,O75376,0.2963850906182176
O75376,P10600,0
P10600,O75376,0
O75376,P05106,0
P05106,O75376,0
O75376,Q9NYA4,0.2963850906182176
Q9NYA4,O75376,0.2963850906182176
O75376,Q14186,0.2609127724559987
Q14186,O75376,0.2609127724559987
O75376,Q6ZNA4,0.2609127724559987
Q6ZNA4,O75376,0.2609127724559987
O75376,P35813,0
P35813,O75376,0
O75376,Q14188,0.2609127724559987
Q14188,O75376,0.2609127724559987
O75376,Q9UNE7,0.2963850906182176
Q9UNE7,O75376,0.2963850906182176
O75376,Q13547,0.2609127724559987
Q13547,O75376,0.2609127724559987
O75376,P17275,0.2609127724559987
P17275,O75376,0.2609127724559987
O75376,P50750,0.2609127724559987
P50750,O75376,0.2609127724559987
O75376,P28749,0.2609127724559987
P28749,O75376,0.2609127724559987
O75376,Q13485,0.2609127724559987
Q13485,O75376,0.2609127724559987
O75376,Q09472,0.2609127724559987
Q09472,O75376,0.2609127724559987
Q93008,Q9Y5K5,0.2963850906182176
Q9Y5K5,Q93008,0.2963850906182176
Q93008,Q9HCE7,0.2963850906182176
Q9HCE7,Q93008,0.2963850906182176
Q93008,Q9Y618,0
Q9Y618,Q93008,0
Q93008,Q9HAU4,0.2963850906182176
Q9HAU4,Q93008,0.2963850906182176
Q93008,Q9NPB6,0
Q9NPB6,Q93008,0
Q93008,Q969W9,0.2963850906182176
Q969W9,Q93008,0.2963850906182176
Q93008,Q9Y4E8,0.2963850906182176
Q9Y4E8,Q93008,0.2963850906182176
Q93008,Q9P2M7,0
Q9P2M7,Q93008,0
Q93008,Q9GZN2,0.2609127724559987
Q9GZN2,Q93008,0.2609127724559987
Q93008,Q9UPN9,0
Q9UPN9,Q93008,0
Q93008,Q9NS15,0
Q9NS15,Q93008,0
Q93008,Q9UN42,0
Q9UN42,Q93008,0
Q93008,Q9Y624,0
Q9Y624,Q93008,0
Q93008,Q96PU5,0.2963850906182176
Q96PU5,Q93008,0.2963850906182176
Q93008,Q9Y3F4,0.2963850906182176
Q9Y3F4,Q93008,0.2963850906182176
Q93008,Q9GZV5,0.2609127724559987
Q9GZV5,Q93008,0.2609127724559987
Q93008,Q9NYA4,0.2963850906182176
Q9NYA4,Q93008,0.2963850906182176
Q93008,Q9UNE7,0.2963850906182176
Q9UNE7,Q93008,0.2963850906182176
P01106,Q15583,0.2609127724559987
Q15583,P01106,0.2609127724559987
P01106,Q9Y5K5,0.1051600884334792
Q9Y5K5,P01106,0.1051600884334792
P01106,Q9HCE7,0.1051600884334792
Q9HCE7,P01106,0.1051600884334792
P01106,P84022,0.2609127724559987
P84022,P01106,0.2609127724559987
P01106,Q9Y618,0.2609127724559987
Q9Y618,P01106,0.2609127724559987
P01106,Q03167,0.1051600884334792
Q03167,P01106,0.1051600884334792
P01106,Q9HAU4,0.2609127724559987
Q9HAU4,P01106,0.2609127724559987
P01106,P62942,0.1051600884334792
P62942,P01106,0.1051600884334792
P01106,Q8N2S1,0.1051600884334792
Q8N2S1,P01106,0.1051600884334792
P01106,Q9NPB6,0
Q9NPB6,P01106,0
P01106,Q969W9,0.1051600884334792
Q969W9,P01106,0.1051600884334792
P01106,Q6ZSZ5,0
Q6ZSZ5,P01106,0
P01106,Q9Y4E8,0.1051600884334792
Q9Y4E8,P01106,0.1051600884334792
P01106,P27361,0.2609127724559987
P27361,P01106,0.2609127724559987
P01106,P62140,0.1051600884334792
P62140,P01106,0.1051600884334792
P01106,Q14766,0.1051600884334792
Q14766,P01106,0.1051600884334792
P01106,P09958,0
P09958,P01106,0
P01106,Q13573,0.2609127724559987
Q13573,P01106,0.2609127724559987
P01106,P51668,0.2609127724559987
P51668,P01106,0.2609127724559987
P01106,P61812,0.1051600884334792
P61812,P01106,0.1051600884334792
P01106,P22681,0.1051600884334792
P22681,P01106,0.1051600884334792
P01106,P36873,0.1051600884334792
P36873,P01106,0.1051600884334792
P01106,P62136,0.1051600884334792
P62136,P01106,0.1051600884334792
P01106,P0CG48,0.2609127724559987
P0CG48,P01106,0.2609127724559987
P01106,P08123,0
P08123,P01106,0
P01106,Q9P2M7,0
Q9P2M7,P01106,0
P01106,P06756,0.1051600884334792
P06756,P01106,0.1051600884334792
P01106,P61586,0
P61586,P01106,0
P01106,Q9GZN2,0.2609127724559987
Q9GZN2,P01106,0.2609127724559987
P01106,P24863,0
P24863,P01106,0
P01106,P67809,0
P67809,P01106,0
P01106,P36897,0.1051600884334792
P36897,P01106,0.1051600884334792
P01106,Q9UPN9,0.2609127724559987
Q9UPN9,P01106,0.2609127724559987
P01106,P28482,0.2609127724559987
P28482,P01106,0.2609127724559987
P01106,P01137,0.1051600884334792
P01137,P01106,0.1051600884334792
P01106,P09874,0.2609127724559987
P09874,P01106,0.2609127724559987
P01106,P18084,0.1051600884334792
P18084,P01106,0.1051600884334792
P01106,P49336,0
P49336,P01106,0
P01106,Q9NS15,0.1051600884334792
Q9NS15,P01106,0.1051600884334792
P01106,Q9UN42,0.2609127724559987
Q9UN42,P01106,0.2609127724559987
P01106,P12757,0.2609127724559987
P12757,P01106,0.2609127724559987
P01106,Q15329,0
Q15329,P01106,0
P01106,P05556,0.1051600884334792
P05556,P01106,0.1051600884334792
P01106,P18564,0.1051600884334792
P18564,P01106,0.1051600884334792
P01106,P08047,0
P08047,P01106,0
P01106,Q16254,0
Q16254,P01106,0
P01106,P05121,0
P05121,P01106,0
P01106,Q13145,0.1051600884334792
Q13145,P01106,0.1051600884334792
P01106,P61077,0.2609127724559987
P61077,P01106,0.2609127724559987
P01106,Q9Y624,0
Q9Y624,P01106,0
P01106,P62987,0.2609127724559987
P62987,P01106,0.2609127724559987
P01106,P12755,0.2609127724559987
P12755,P01106,0.2609127724559987
P01106,Q8TEW0,0
Q8TEW0,P01106,0
P01106,Q15843,0.1051600884334792
Q15843,P01106,0.1051600884334792
P01106,Q14767,0.1051600884334792
Q14767,P01106,0.1051600884334792
P01106,Q96PU5,0.2609127724559987
Q96PU5,P01106,0.2609127724559987
P01106,P26012,0.1051600884334792
P26012,P01106,0.1051600884334792
P01106,P62979,0.2609127724559987
P62979,P01106,0.2609127724559987
P01106,Q15796,0.2609127724559987
Q15796,P01106,0.2609127724559987
P01106,Q9Y3F4,0.1051600884334792
Q9Y3F4,P01106,0.1051600884334792
P01106,P53708,0.1051600884334792
P53708,P01106,0.1051600884334792
P01106,P0CG47,0.2609127724559987
P0CG47,P01106,0.2609127724559987
P01106,P61081,0.1051600884334792
P61081,P01106,0.1051600884334792
P01106,Q05513,0
Q05513,P01106,0
P01106,Q9GZV5,0.2609127724559987
Q9GZV5,P01106,0.2609127724559987
P01106,P42772,0
P42772,P01106,0
P01106,Q93008,0.2609127724559987
Q93008,P01106,0.2609127724559987
P01106,P37173,0.1051600884334792
P37173,P01106,0.1051600884334792
P01106,P10600,0.1051600884334792
P10600,P01106,0.1051600884334792
P01106,P05106,0.1051600884334792
P05106,P01106,0.1051600884334792
P01106,Q9NYA4,0.1051600884334792
Q9NYA4,P01106,0.1051600884334792
P01106,Q14186,0
Q14186,P01106,0
P01106,Q6ZNA4,0.2609127724559987
Q6ZNA4,P01106,0.2609127724559987
P01106,P35813,0.2609127724559987
P35813,P01106,0.2609127724559987
P01106,Q14188,0
Q14188,P01106,0
P01106,Q9UNE7,0.1051600884334792
Q9UNE7,P01106,0.1051600884334792
P01106,Q13547,0.2609127724559987
Q13547,P01106,0.2609127724559987
P01106,P17275,0
P17275,P01106,0
P01106,P50750,0
P50750,P01106,0
P01106,P28749,0
P28749,P01106,0
P01106,Q13485,0.2609127724559987
Q13485,P01106,0.2609127724559987
P01106,Q09472,0
Q09472,P01106,0
P37173,Q15583,0.2963850906182176
Q15583,P37173,0.2963850906182176
P37173,Q9Y5K5,0.305725116872361
Q9Y5K5,P37173,0.305725116872361
P37173,Q9HCE7,0.305725116872361
Q9HCE7,P37173,0.305725116872361
P37173,P84022,0.305725116872361
P84022,P37173,0.305725116872361
P37173,Q9Y618,0.2963850906182176
Q9Y618,P37173,0.2963850906182176
P37173,Q03167,0.305725116872361
Q03167,P37173,0.305725116872361
P37173,Q9HAU4,0.305725116872361
Q9HAU4,P37173,0.305725116872361
P37173,P62942,0.305725116872361
P62942,P37173,0.305725116872361
P37173,Q8N2S1,0.305725116872361
Q8N2S1,P37173,0.305725116872361
P37173,Q9NPB6,0.244207078953146
Q9NPB6,P37173,0.244207078953146
P37173,Q969W9,0.305725116872361
Q969W9,P37173,0.305725116872361
P37173,Q6ZSZ5,0.244207078953146
Q6ZSZ5,P37173,0.244207078953146
P37173,Q9Y4E8,0.305725116872361
Q9Y4E8,P37173,0.305725116872361
P37173,P62140,0.305725116872361
P62140,P37173,0.305725116872361
P37173,Q14766,0.305725116872361
Q14766,P37173,0.305725116872361
P37173,Q13573,0.2963850906182176
Q13573,P37173,0.2963850906182176
P37173,P51668,0.2963850906182176
P51668,P37173,0.2963850906182176
P37173,P61812,0.305725116872361
P61812,P37173,0.305725116872361
P37173,P62136,0.305725116872361
P62136,P37173,0.305725116872361
P37173,Q9P2M7,0.244207078953146
Q9P2M7,P37173,0.244207078953146
P37173,P61586,0.244207078953146
P61586,P37173,0.244207078953146
P37173,Q9GZN2,0.2963850906182176
Q9GZN2,P37173,0.2963850906182176
P37173,P67809,0.1051600884334792
P67809,P37173,0.1051600884334792
P37173,Q9UPN9,0.2963850906182176
Q9UPN9,P37173,0.2963850906182176
P37173,P49336,0.1051600884334792
P49336,P37173,0.1051600884334792
P37173,Q9NS15,0.305725116872361
Q9NS15,P37173,0.305725116872361
P37173,Q9UN42,0.2963850906182176
Q9UN42,P37173,0.2963850906182176
P37173,Q15329,0.1051600884334792
Q15329,P37173,0.1051600884334792
P37173,Q16254,0.1051600884334792
Q16254,P37173,0.1051600884334792
P37173,Q13145,0.305725116872361
Q13145,P37173,0.305725116872361
P37173,P61077,0.2963850906182176
P61077,P37173,0.2963850906182176
P37173,Q9Y624,0.244207078953146
Q9Y624,P37173,0.244207078953146
P37173,P62987,0.305725116872361
P62987,P37173,0.305725116872361
P37173,Q8TEW0,0.244207078953146
Q8TEW0,P37173,0.244207078953146
P37173,Q15843,0.305725116872361
Q15843,P37173,0.305725116872361
P37173,Q14767,0.305725116872361
Q14767,P37173,0.305725116872361
P37173,Q96PU5,0.305725116872361
Q96PU5,P37173,0.305725116872361
P37173,P62979,0.305725116872361
P62979,P37173,0.305725116872361
P37173,Q15796,0.305725116872361
Q15796,P37173,0.305725116872361
P37173,Q9Y3F4,0.305725116872361
Q9Y3F4,P37173,0.305725116872361
P37173,P53708,0.305725116872361
P53708,P37173,0.305725116872361
P37173,P61081,0.305725116872361
P61081,P37173,0.305725116872361
P37173,Q05513,0.244207078953146
Q05513,P37173,0.244207078953146
P37173,Q9GZV5,0.2963850906182176
Q9GZV5,P37173,0.2963850906182176
P37173,P42772,0.1051600884334792
P42772,P37173,0.1051600884334792
P37173,Q93008,0.2963850906182176
Q93008,P37173,0.2963850906182176
P37173,Q9NYA4,0.305725116872361
Q9NYA4,P37173,0.305725116872361
P37173,Q14186,0.1051600884334792
Q14186,P37173,0.1051600884334792
P37173,Q6ZNA4,0.2963850906182176
Q6ZNA4,P37173,0.2963850906182176
P37173,Q14188,0.1051600884334792
Q14188,P37173,0.1051600884334792
P37173,Q9UNE7,0.305725116872361
Q9UNE7,P37173,0.305725116872361
P37173,Q13547,0.2963850906182176
Q13547,P37173,0.2963850906182176
P37173,P50750,0.1051600884334792
P50750,P37173,0.1051600884334792
P37173,Q13485,0.2963850906182176
Q13485,P37173,0.2963850906182176
P37173,Q09472,0.1051600884334792
Q09472,P37173,0.1051600884334792
P10600,Q15583,0.1051600884334792
Q15583,P10600,0.1051600884334792
P10600,Q9Y5K5,0.305725116872361
Q9Y5K5,P10600,0.305725116872361
P10600,Q9HCE7,0.305725116872361
Q9HCE7,P10600,0.305725116872361
P10600,P84022,0.305725116872361
P84022,P10600,0.305725116872361
P10600,Q9Y618,0
Q9Y618,P10600,0
P10600,Q03167,0
Q03167,P10600,0
P10600,Q9HAU4,0.305725116872361
Q9HAU4,P10600,0.305725116872361
P10600,P62942,0.244207078953146
P62942,P10600,0.244207078953146
P10600,Q8N2S1,0
Q8N2S1,P10600,0
P10600,Q9NPB6,0.244207078953146
Q9NPB6,P10600,0.244207078953146
P10600,Q969W9,0.305725116872361
Q969W9,P10600,0.305725116872361
P10600,Q6ZSZ5,0.244207078953146
Q6ZSZ5,P10600,0.244207078953146
P10600,Q9Y4E8,0.305725116872361
Q9Y4E8,P10600,0.305725116872361
P10600,P27361,0.1051600884334792
P27361,P10600,0.1051600884334792
P10600,P62140,0.305725116872361
P62140,P10600,0.305725116872361
P10600,Q14766,0
Q14766,P10600,0
P10600,Q13573,0
Q13573,P10600,0
P10600,P51668,0
P51668,P10600,0
P10600,P61812,0
P61812,P10600,0
P10600,P22681,0
P22681,P10600,0
P10600,P36873,0.305725116872361
P36873,P10600,0.305725116872361
P10600,P62136,0.305725116872361
P62136,P10600,0.305725116872361
P10600,Q9P2M7,0.244207078953146
Q9P2M7,P10600,0.244207078953146
P10600,P61586,0.244207078953146
P61586,P10600,0.244207078953146
P10600,Q9GZN2,0.1051600884334792
Q9GZN2,P10600,0.1051600884334792
P10600,P24863,0.1051600884334792
P24863,P10600,0.1051600884334792
P10600,P67809,0.1051600884334792
P67809,P10600,0.1051600884334792
P10600,P36897,0.305725116872361
P36897,P10600,0.305725116872361
P10600,Q9UPN9,0
Q9UPN9,P10600,0
P10600,P28482,0.1051600884334792
P28482,P10600,0.1051600884334792
P10600,P18084,0
P18084,P10600,0
P10600,P49336,0.1051600884334792
P49336,P10600,0.1051600884334792
P10600,Q9NS15,0
Q9NS15,P10600,0
P10600,Q9UN42,0
Q9UN42,P10600,0
P10600,P12757,0
P12757,P10600,0
P10600,Q15329,0.1051600884334792
Q15329,P10600,0.1051600884334792
P10600,P18564,0
P18564,P10600,0
P10600,Q16254,0.1051600884334792
Q16254,P10600,0.1051600884334792
P10600,Q13145,0.305725116872361
Q13145,P10600,0.305725116872361
P10600,P61077,0
P61077,P10600,0
P10600,Q9Y624,0.244207078953146
Q9Y624,P10600,0.244207078953146
P10600,P62987,0.305725116872361
P62987,P10600,0.305725116872361
P10600,P12755,0
P12755,P10600,0
P10600,Q8TEW0,0.244207078953146
Q8TEW0,P10600,0.244207078953146
P10600,Q15843,0
Q15843,P10600,0
P10600,Q14767,0
Q14767,P10600,0
P10600,Q96PU5,0.305725116872361
Q96PU5,P10600,0.305725116872361
P10600,P26012,0
P26012,P10600,0
P10600,P62979,0.305725116872361
P62979,P10600,0.305725116872361
P10600,Q15796,0.305725116872361
Q15796,P10600,0.305725116872361
P10600,Q9Y3F4,0.305725116872361
Q9Y3F4,P10600,0.305725116872361
P10600,P53708,0
P53708,P10600,0
P10600,P61081,0
P61081,P10600,0
P10600,Q05513,0.244207078953146
Q05513,P10600,0.244207078953146
P10600,Q9GZV5,0.1051600884334792
Q9GZV5,P10600,0.1051600884334792
P10600,P42772,0.1051600884334792
P42772,P10600,0.1051600884334792
P10600,Q93008,0
Q93008,P10600,0
P10600,P37173,0.305725116872361
P37173,P10600,0.305725116872361
P10600,Q9NYA4,0.305725116872361
Q9NYA4,P10600,0.305725116872361
P10600,Q14186,0.1051600884334792
Q14186,P10600,0.1051600884334792
P10600,Q6ZNA4,0.1051600884334792
Q6ZNA4,P10600,0.1051600884334792
P10600,P35813,0
P35813,P10600,0
P10600,Q14188,0.1051600884334792
Q14188,P10600,0.1051600884334792
P10600,Q9UNE7,0.305725116872361
Q9UNE7,P10600,0.305725116872361
P10600,Q13547,0.1051600884334792
Q13547,P10600,0.1051600884334792
P10600,P17275,0.1051600884334792
P17275,P10600,0.1051600884334792
P10600,P50750,0.1051600884334792
P50750,P10600,0.1051600884334792
P10600,P28749,0.1051600884334792
P28749,P10600,0.1051600884334792
P10600,Q13485,0.1051600884334792
Q13485,P10600,0.1051600884334792
P10600,Q09472,0.1051600884334792
Q09472,P10600,0.1051600884334792
P05106,Q15583,0.1051600884334792
Q15583,P05106,0.1051600884334792
P05106,Q9Y5K5,0.305725116872361
Q9Y5K5,P05106,0.305725116872361
P05106,Q9HCE7,0.305725116872361
Q9HCE7,P05106,0.305725116872361
P05106,P84022,0.305725116872361
P84022,P05106,0.305725116872361
P05106,Q9Y618,0
Q9Y618,P05106,0
P05106,Q03167,0
Q03167,P05106,0
P05106,Q9HAU4,0.305725116872361
Q9HAU4,P05106,0.305725116872361
P05106,P62942,0.244207078953146
P62942,P05106,0.244207078953146
P05106,Q8N2S1,0
Q8N2S1,P05106,0
P05106,Q9NPB6,0.244207078953146
Q9NPB6,P05106,0.244207078953146
P05106,Q969W9,0.305725116872361
Q969W9,P05106,0.305725116872361
P05106,Q6ZSZ5,0.244207078953146
Q6ZSZ5,P05106,0.244207078953146
P05106,Q9Y4E8,0.305725116872361
Q9Y4E8,P05106,0.305725116872361
P05106,P27361,0.1051600884334792
P27361,P05106,0.1051600884334792
P05106,P62140,0.305725116872361
P62140,P05106,0.305725116872361
P05106,Q14766,0
Q14766,P05106,0
P05106,P09958,0.1051600884334792
P09958,P05106,0.1051600884334792
P05106,Q13573,0
Q13573,P05106,0
P05106,P51668,0
P51668,P05106,0
P05106,P61812,0
P61812,P05106,0
P05106,P22681,0
P22681,P05106,0
P05106,P36873,0.305725116872361
P36873,P05106,0.305725116872361
P05106,P62136,0.305725116872361
P62136,P05106,0.305725116872361
P05106,P0CG48,0.305725116872361
P0CG48,P05106,0.305725116872361
P05106,P08123,0.1051600884334792
P08123,P05106,0.1051600884334792
P05106,Q9P2M7,0.244207078953146
Q9P2M7,P05106,0.244207078953146
P05106,P06756,0
P06756,P05106,0
P05106,P61586,0.244207078953146
P61586,P05106,0.244207078953146
P05106,Q9GZN2,0.1051600884334792
Q9GZN2,P05106,0.1051600884334792
P05106,P24863,0.1051600884334792
P24863,P05106,0.1051600884334792
P05106,P67809,0.1051600884334792
P67809,P05106,0.1051600884334792
P05106,P36897,0.305725116872361
P36897,P05106,0.305725116872361
P05106,Q9UPN9,0
Q9UPN9,P05106,0
P05106,P28482,0.1051600884334792
P28482,P05106,0.1051600884334792
P05106,P09874,0
P09874,P05106,0
P05106,P18084,0
P18084,P05106,0
P05106,P49336,0.1051600884334792
P49336,P05106,0.1051600884334792
P05106,Q9NS15,0
Q9NS15,P05106,0
P05106,Q9UN42,0
Q9UN42,P05106,0
P05106,P12757,0
P12757,P05106,0
P05106,Q15329,0.1051600884334792
Q15329,P05106,0.1051600884334792
P05106,P05556,0
P05556,P05106,0
P05106,P18564,0
P18564,P05106,0
P05106,P08047,0.1051600884334792
P08047,P05106,0.1051600884334792
P05106,Q16254,0.1051600884334792
Q16254,P05106,0.1051600884334792
P05106,P05121,0.1051600884334792
P05121,P05106,0.1051600884334792
P05106,Q13145,0.305725116872361
Q13145,P05106,0.305725116872361
P05106,P61077,0
P61077,P05106,0
P05106,Q9Y624,0.244207078953146
Q9Y624,P05106,0.244207078953146
P05106,P62987,0.305725116872361
P62987,P05106,0.305725116872361
P05106,P12755,0
P12755,P05106,0
P05106,Q8TEW0,0.244207078953146
Q8TEW0,P05106,0.244207078953146
P05106,Q15843,0
Q15843,P05106,0
P05106,Q14767,0
Q14767,P05106,0
P05106,Q96PU5,0.305725116872361
Q96PU5,P05106,0.305725116872361
P05106,P26012,0
P26012,P05106,0
P05106,P62979,0.305725116872361
P62979,P05106,0.305725116872361
P05106,Q15796,0.305725116872361
Q15796,P05106,0.305725116872361
P05106,Q9Y3F4,0.305725116872361
Q9Y3F4,P05106,0.305725116872361
P05106,P53708,0
P53708,P05106,0
P05106,P0CG47,0.305725116872361
P0CG47,P05106,0.305725116872361
P05106,P61081,0
P61081,P05106,0
P05106,Q05513,0.244207078953146
Q05513,P05106,0.244207078953146
P05106,Q9GZV5,0.1051600884334792
Q9GZV5,P05106,0.1051600884334792
P05106,P42772,0.1051600884334792
P42772,P05106,0.1051600884334792
P05106,Q93008,0
Q93008,P05106,0
P05106,P37173,0.305725116872361
P37173,P05106,0.305725116872361
P05106,P10600,0
P10600,P05106,0
P05106,Q9NYA4,0.305725116872361
Q9NYA4,P05106,0.305725116872361
P05106,Q14186,0.1051600884334792
Q14186,P05106,0.1051600884334792
P05106,Q6ZNA4,0.1051600884334792
Q6ZNA4,P05106,0.1051600884334792
P05106,P35813,0
P35813,P05106,0
P05106,Q14188,0.1051600884334792
Q14188,P05106,0.1051600884334792
P05106,Q9UNE7,0.305725116872361
Q9UNE7,P05106,0.305725116872361
P05106,Q13547,0.1051600884334792
Q13547,P05106,0.1051600884334792
P05106,P17275,0.1051600884334792
P17275,P05106,0.1051600884334792
P05106,P50750,0.1051600884334792
P50750,P05106,0.1051600884334792
P05106,P28749,0.1051600884334792
P28749,P05106,0.1051600884334792
P05106,Q13485,0.1051600884334792
Q13485,P05106,0.1051600884334792
P05106,Q09472,0.1051600884334792
Q09472,P05106,0.1051600884334792
Q9NYA4,Q9Y5K5,0.305725116872361
Q9Y5K5,Q9NYA4,0.305725116872361
Q9NYA4,Q9Y618,0.2963850906182176
Q9Y618,Q9NYA4,0.2963850906182176
Q9NYA4,Q9Y4E8,0.305725116872361
Q9Y4E8,Q9NYA4,0.305725116872361
Q9NYA4,Q9P2M7,0.244207078953146
Q9P2M7,Q9NYA4,0.244207078953146
Q9NYA4,Q9UPN9,0.2963850906182176
Q9UPN9,Q9NYA4,0.2963850906182176
Q9NYA4,Q9UN42,0.2963850906182176
Q9UN42,Q9NYA4,0.2963850906182176
Q9NYA4,Q9Y624,0.244207078953146
Q9Y624,Q9NYA4,0.244207078953146
Q9NYA4,Q9Y3F4,0.305725116872361
Q9Y3F4,Q9NYA4,0.305725116872361
Q9NYA4,Q9UNE7,0.305725116872361
Q9UNE7,Q9NYA4,0.305725116872361
Q14186,Q15583,0.2609127724559987
Q15583,Q14186,0.2609127724559987
Q14186,Q9Y5K5,0.1051600884334792
Q9Y5K5,Q14186,0.1051600884334792
Q14186,Q9HCE7,0.1051600884334792
Q9HCE7,Q14186,0.1051600884334792
Q14186,Q9Y618,0.2609127724559987
Q9Y618,Q14186,0.2609127724559987
Q14186,Q9HAU4,0.2609127724559987
Q9HAU4,Q14186,0.2609127724559987
Q14186,Q8N2S1,0.1051600884334792
Q8N2S1,Q14186,0.1051600884334792
Q14186,Q9NPB6,0
Q9NPB6,Q14186,0
Q14186,Q969W9,0.1051600884334792
Q969W9,Q14186,0.1051600884334792
Q14186,Q6ZSZ5,0
Q6ZSZ5,Q14186,0
Q14186,Q9Y4E8,0.1051600884334792
Q9Y4E8,Q14186,0.1051600884334792
Q14186,Q14766,0.1051600884334792
Q14766,Q14186,0.1051600884334792
Q14186,Q9P2M7,0
Q9P2M7,Q14186,0
Q14186,Q9GZN2,0.2609127724559987
Q9GZN2,Q14186,0.2609127724559987
Q14186,Q9UPN9,0.2609127724559987
Q9UPN9,Q14186,0.2609127724559987
Q14186,Q9NS15,0.1051600884334792
Q9NS15,Q14186,0.1051600884334792
Q14186,Q9UN42,0.2609127724559987
Q9UN42,Q14186,0.2609127724559987
Q14186,Q15329,0
Q15329,Q14186,0
Q14186,Q16254,0
Q16254,Q14186,0
Q14186,Q9Y624,0
Q9Y624,Q14186,0
Q14186,Q8TEW0,0
Q8TEW0,Q14186,0
Q14186,Q15843,0.1051600884334792
Q15843,Q14186,0.1051600884334792
Q14186,Q14767,0.1051600884334792
Q14767,Q14186,0.1051600884334792
Q14186,Q96PU5,0.2609127724559987
Q96PU5,Q14186,0.2609127724559987
Q14186,Q15796,0.2609127724559987
Q15796,Q14186,0.2609127724559987
Q14186,Q9Y3F4,0.1051600884334792
Q9Y3F4,Q14186,0.1051600884334792
Q14186,Q9GZV5,0.2609127724559987
Q9GZV5,Q14186,0.2609127724559987
Q14186,Q93008,0.2609127724559987
Q93008,Q14186,0.2609127724559987
Q14186,Q9NYA4,0.1051600884334792
Q9NYA4,Q14186,0.1051600884334792
Q14186,Q6ZNA4,0.2609127724559987
Q6ZNA4,Q14186,0.2609127724559987
Q14186,Q14188,0
Q14188,Q14186,0
Q14186,Q9UNE7,0.1051600884334792
Q9UNE7,Q14186,0.1051600884334792
Q6ZNA4,Q9Y5K5,0.2963850906182176
Q9Y5K5,Q6ZNA4,0.2963850906182176
Q6ZNA4,Q9HCE7,0.2963850906182176
Q9HCE7,Q6ZNA4,0.2963850906182176
Q6ZNA4,Q9Y618,0.2609127724559987
Q9Y618,Q6ZNA4,0.2609127724559987
Q6ZNA4,Q9HAU4,0.2963850906182176
Q9HAU4,Q6ZNA4,0.2963850906182176
Q6ZNA4,Q8N2S1,0.1051600884334792
Q8N2S1,Q6ZNA4,0.1051600884334792
Q6ZNA4,Q9NPB6,0
Q9NPB6,Q6ZNA4,0
Q6ZNA4,Q969W9,0.2963850906182176
Q969W9,Q6ZNA4,0.2963850906182176
Q6ZNA4,Q6ZSZ5,0
Q6ZSZ5,Q6ZNA4,0
Q6ZNA4,Q9Y4E8,0.2963850906182176
Q9Y4E8,Q6ZNA4,0.2963850906182176
Q6ZNA4,Q9P2M7,0
Q9P2M7,Q6ZNA4,0
Q6ZNA4,Q9GZN2,0.2609127724559987
Q9GZN2,Q6ZNA4,0.2609127724559987
Q6ZNA4,Q9UPN9,0.2609127724559987
Q9UPN9,Q6ZNA4,0.2609127724559987
Q6ZNA4,Q9NS15,0.1051600884334792
Q9NS15,Q6ZNA4,0.1051600884334792
Q6ZNA4,Q9UN42,0.2609127724559987
Q9UN42,Q6ZNA4,0.2609127724559987
Q6ZNA4,Q9Y624,0
Q9Y624,Q6ZNA4,0
Q6ZNA4,Q8TEW0,0
Q8TEW0,Q6ZNA4,0
Q6ZNA4,Q96PU5,0.2963850906182176
Q96PU5,Q6ZNA4,0.2963850906182176
Q6ZNA4,Q9Y3F4,0.2963850906182176
Q9Y3F4,Q6ZNA4,0.2963850906182176
Q6ZNA4,Q9GZV5,0.2609127724559987
Q9GZV5,Q6ZNA4,0.2609127724559987
Q6ZNA4,Q93008,0.2609127724559987
Q93008,Q6ZNA4,0.2609127724559987
Q6ZNA4,Q9NYA4,0.2963850906182176
Q9NYA4,Q6ZNA4,0.2963850906182176
Q6ZNA4,Q9UNE7,0.2963850906182176
Q9UNE7,Q6ZNA4,0.2963850906182176
P35813,Q15583,0.2609127724559987
Q15583,P35813,0.2609127724559987
P35813,Q9Y5K5,0.2963850906182176
Q9Y5K5,P35813,0.2963850906182176
P35813,Q9HCE7,0.2963850906182176
Q9HCE7,P35813,0.2963850906182176
P35813,P84022,0.2963850906182176
P84022,P35813,0.2963850906182176
P35813,Q9Y618,0
Q9Y618,P35813,0
P35813,Q03167,0
Q03167,P35813,0
P35813,Q9HAU4,0.2963850906182176
Q9HAU4,P35813,0.2963850906182176
P35813,P62942,0
P62942,P35813,0
P35813,Q8N2S1,0
Q8N2S1,P35813,0
P35813,Q9NPB6,0
Q9NPB6,P35813,0
P35813,Q969W9,0.2963850906182176
Q969W9,P35813,0.2963850906182176
P35813,Q6ZSZ5,0
Q6ZSZ5,P35813,0
P35813,Q9Y4E8,0.2963850906182176
Q9Y4E8,P35813,0.2963850906182176
P35813,P62140,0.2963850906182176
P62140,P35813,0.2963850906182176
P35813,Q14766,0
Q14766,P35813,0
P35813,Q13573,0
Q13573,P35813,0
P35813,P51668,0
P51668,P35813,0
P35813,P61812,0
P61812,P35813,0
P35813,P36873,0.2963850906182176
P36873,P35813,0.2963850906182176
P35813,P62136,0.2963850906182176
P62136,P35813,0.2963850906182176
P35813,Q9P2M7,0
Q9P2M7,P35813,0
P35813,P61586,0
P61586,P35813,0
P35813,Q9GZN2,0.2609127724559987
Q9GZN2,P35813,0.2609127724559987
P35813,P67809,0.2609127724559987
P67809,P35813,0.2609127724559987
P35813,P36897,0.2963850906182176
P36897,P35813,0.2963850906182176
P35813,Q9UPN9,0
Q9UPN9,P35813,0
P35813,P49336,0.2609127724559987
P49336,P35813,0.2609127724559987
P35813,Q9NS15,0
Q9NS15,P35813,0
P35813,Q9UN42,0
Q9UN42,P35813,0
P35813,Q15329,0.2609127724559987
Q15329,P35813,0.2609127724559987
P35813,Q16254,0.2609127724559987
Q16254,P35813,0.2609127724559987
P35813,Q13145,0.2963850906182176
Q13145,P35813,0.2963850906182176
P35813,P61077,0
P61077,P35813,0
P35813,Q9Y624,0
Q9Y624,P35813,0
P35813,P62987,0.2963850906182176
P62987,P35813,0.2963850906182176
P35813,Q8TEW0,0
Q8TEW0,P35813,0
P35813,Q15843,0
Q15843,P35813,0
P35813,Q14767,0
Q14767,P35813,0
P35813,Q96PU5,0.2963850906182176
Q96PU5,P35813,0.2963850906182176
P35813,P62979,0.2963850906182176
P62979,P35813,0.2963850906182176
P35813,Q15796,0.2963850906182176
Q15796,P35813,0.2963850906182176
P35813,Q9Y3F4,0.2963850906182176
Q9Y3F4,P35813,0.2963850906182176
P35813,P53708,0
P53708,P35813,0
P35813,P61081,0
P61081,P35813,0
P35813,Q05513,0
Q05513,P35813,0
P35813,Q9GZV5,0.2609127724559987
Q9GZV5,P35813,0.2609127724559987
P35813,P42772,0.2609127724559987
P42772,P35813,0.2609127724559987
P35813,Q93008,0
Q93008,P35813,0
P35813,P37173,0.2963850906182176
P37173,P35813,0.2963850906182176
P35813,Q9NYA4,0.2963850906182176
Q9NYA4,P35813,0.2963850906182176
P35813,Q14186,0.2609127724559987
Q14186,P35813,0.2609127724559987
P35813,Q6ZNA4,0.2609127724559987
Q6ZNA4,P35813,0.2609127724559987
P35813,Q14188,0.2609127724559987
Q14188,P35813,0.2609127724559987
P35813,Q9UNE7,0.2963850906182176
Q9UNE7,P35813,0.2963850906182176
P35813,Q13547,0.2609127724559987
Q13547,P35813,0.2609127724559987
P35813,P50750,0.2609127724559987
P50750,P35813,0.2609127724559987
P35813,Q13485,0.2609127724559987
Q13485,P35813,0.2609127724559987
P35813,Q09472,0.2609127724559987
Q09472,P35813,0.2609127724559987
O15105,Q15583,0.2963850906182176
Q15583,O15105,0.2963850906182176
O15105,Q9Y5K5,0.305725116872361
Q9Y5K5,O15105,0.305725116872361
O15105,Q9HCE7,0.305725116872361
Q9HCE7,O15105,0.305725116872361
O15105,O60583,0.2609127724559987
O60583,O15105,0.2609127724559987
O15105,P84022,0.305725116872361
P84022,O15105,0.305725116872361
O15105,Q9Y618,0.2963850906182176
Q9Y618,O15105,0.2963850906182176
O15105,Q03167,0.305725116872361
Q03167,O15105,0.305725116872361
O15105,Q9HAU4,0.305725116872361
Q9HAU4,O15105,0.305725116872361
O15105,P62942,0.305725116872361
P62942,O15105,0.305725116872361
O15105,Q8N2S1,0.305725116872361
Q8N2S1,O15105,0.305725116872361
O15105,Q9NPB6,0.244207078953146
Q9NPB6,O15105,0.244207078953146
O15105,Q969W9,0.305725116872361
Q969W9,O15105,0.305725116872361
O15105,Q6ZSZ5,0.244207078953146
Q6ZSZ5,O15105,0.244207078953146
O15105,Q9Y4E8,0.305725116872361
Q9Y4E8,O15105,0.305725116872361
O15105,P27361,0.2963850906182176
P27361,O15105,0.2963850906182176
O15105,P62140,0.305725116872361
P62140,O15105,0.305725116872361
O15105,O75909,0.2609127724559987
O75909,O15105,0.2609127724559987
O15105,Q14766,0.305725116872361
Q14766,O15105,0.305725116872361
O15105,P09958,0.2609127724559987
P09958,O15105,0.2609127724559987
O15105,Q13573,0.2963850906182176
Q13573,O15105,0.2963850906182176
O15105,P51668,0.2963850906182176
P51668,O15105,0.2963850906182176
O15105,P61812,0.305725116872361
P61812,O15105,0.305725116872361
O15105,P22681,0.305725116872361
P22681,O15105,0.305725116872361
O15105,P36873,0.305725116872361
P36873,O15105,0.305725116872361
O15105,P62136,0.305725116872361
P62136,O15105,0.305725116872361
O15105,P0CG48,0.305725116872361
P0CG48,O15105,0.305725116872361
O15105,P08123,0.2609127724559987
P08123,O15105,0.2609127724559987
O15105,Q9P2M7,0.244207078953146
Q9P2M7,O15105,0.244207078953146
O15105,P06756,0.305725116872361
P06756,O15105,0.305725116872361
O15105,P61586,0.244207078953146
P61586,O15105,0.244207078953146
O15105,Q9GZN2,0.2963850906182176
Q9GZN2,O15105,0.2963850906182176
O15105,P24863,0.2609127724559987
P24863,O15105,0.2609127724559987
O15105,P67809,0.2609127724559987
P67809,O15105,0.2609127724559987
O15105,P36897,0.305725116872361
P36897,O15105,0.305725116872361
O15105,Q9UPN9,0.2963850906182176
Q9UPN9,O15105,0.2963850906182176
O15105,P28482,0.2963850906182176
P28482,O15105,0.2963850906182176
O15105,P01137,0.305725116872361
P01137,O15105,0.305725116872361
O15105,P09874,0.2963850906182176
P09874,O15105,0.2963850906182176
O15105,P18084,0.305725116872361
P18084,O15105,0.305725116872361
O15105,P49336,0.2609127724559987
P49336,O15105,0.2609127724559987
O15105,Q9NS15,0.305725116872361
Q9NS15,O15105,0.305725116872361
O15105,Q9UN42,0.2963850906182176
Q9UN42,O15105,0.2963850906182176
O15105,P12757,0.2963850906182176
P12757,O15105,0.2963850906182176
O15105,Q15329,0.2609127724559987
Q15329,O15105,0.2609127724559987
O15105,P05556,0.305725116872361
P05556,O15105,0.305725116872361
O15105,P18564,0.305725116872361
P18564,O15105,0.305725116872361
O15105,P08047,0.2609127724559987
P08047,O15105,0.2609127724559987
O15105,Q16254,0.2609127724559987
Q16254,O15105,0.2609127724559987
O15105,P05121,0.2609127724559987
P05121,O15105,0.2609127724559987
O15105,Q13145,0.305725116872361
Q13145,O15105,0.305725116872361
O15105,P61077,0.2963850906182176
P61077,O15105,0.2963850906182176
O15105,Q9Y624,0.244207078953146
Q9Y624,O15105,0.244207078953146
O15105,P62987,0.305725116872361
P62987,O15105,0.305725116872361
O15105,P12755,0.2963850906182176
P12755,O15105,0.2963850906182176
O15105,Q8TEW0,0.244207078953146
Q8TEW0,O15105,0.244207078953146
O15105,Q15843,0.305725116872361
Q15843,O15105,0.305725116872361
O15105,Q14767,0.305725116872361
Q14767,O15105,0.305725116872361
O15105,O60563,0.2609127724559987
O60563,O15105,0.2609127724559987
O15105,Q96PU5,0.305725116872361
Q96PU5,O15105,0.305725116872361
O15105,P26012,0.305725116872361
P26012,O15105,0.305725116872361
O15105,P62979,0.305725116872361
P62979,O15105,0.305725116872361
O15105,Q15796,0.305725116872361
Q15796,O15105,0.305725116872361
O15105,Q9Y3F4,0.305725116872361
Q9Y3F4,O15105,0.305725116872361
O15105,O75807,0.305725116872361
O75807,O15105,0.305725116872361
O15105,P53708,0.305725116872361
P53708,O15105,0.305725116872361
O15105,P0CG47,0.305725116872361
P0CG47,O15105,0.305725116872361
O15105,P61081,0.305725116872361
P61081,O15105,0.305725116872361
O15105,Q05513,0.244207078953146
Q05513,O15105,0.244207078953146
O15105,Q9GZV5,0.2963850906182176
Q9GZV5,O15105,0.2963850906182176
O15105,P42772,0.2609127724559987
P42772,O15105,0.2609127724559987
O15105,O75376,0.2963850906182176
O75376,O15105,0.2963850906182176
O15105,Q93008,0.2963850906182176
Q93008,O15105,0.2963850906182176
O15105,P01106,0.2609127724559987
P01106,O15105,0.2609127724559987
O15105,P37173,0.305725116872361
P37173,O15105,0.305725116872361
O15105,P10600,0.305725116872361
P10600,O15105,0.305725116872361
O15105,P05106,0.305725116872361
P05106,O15105,0.305725116872361
O15105,Q9NYA4,0.305725116872361
Q9NYA4,O15105,0.305725116872361
O15105,Q14186,0.2609127724559987
Q14186,O15105,0.2609127724559987
O15105,Q6ZNA4,0.2963850906182176
Q6ZNA4,O15105,0.2963850906182176
O15105,P35813,0.2963850906182176
P35813,O15105,0.2963850906182176
O15105,Q14188,0.2609127724559987
Q14188,O15105,0.2609127724559987
O15105,Q9UNE7,0.305725116872361
Q9UNE7,O15105,0.305725116872361
O15105,Q13547,0.2963850906182176
Q13547,O15105,0.2963850906182176
O15105,P17275,0.2609127724559987
P17275,O15105,0.2609127724559987
O15105,P50750,0.2609127724559987
P50750,O15105,0.2609127724559987
O15105,P28749,0.2609127724559987
P28749,O15105,0.2609127724559987
O15105,Q13485,0.2963850906182176
Q13485,O15105,0.2963850906182176
O15105,Q09472,0.2609127724559987
Q09472,O15105,0.2609127724559987
Q14188,Q15583,0.2609127724559987
Q15583,Q14188,0.2609127724559987
Q14188,Q9Y5K5,0.1051600884334792
Q9Y5K5,Q14188,0.1051600884334792
Q14188,Q9HCE7,0.1051600884334792
Q9HCE7,Q14188,0.1051600884334792
Q14188,Q9Y618,0.2609127724559987
Q9Y618,Q14188,0.2609127724559987
Q14188,Q9HAU4,0.2609127724559987
Q9HAU4,Q14188,0.2609127724559987
Q14188,Q8N2S1,0.1051600884334792
Q8N2S1,Q14188,0.1051600884334792
Q14188,Q9NPB6,0
Q9NPB6,Q14188,0
Q14188,Q969W9,0.1051600884334792
Q969W9,Q14188,0.1051600884334792
Q14188,Q6ZSZ5,0
Q6ZSZ5,Q14188,0
Q14188,Q9Y4E8,0.1051600884334792
Q9Y4E8,Q14188,0.1051600884334792
Q14188,Q14766,0.1051600884334792
Q14766,Q14188,0.1051600884334792
Q14188,Q9P2M7,0
Q9P2M7,Q14188,0
Q14188,Q9GZN2,0.2609127724559987
Q9GZN2,Q14188,0.2609127724559987
Q14188,Q9UPN9,0.2609127724559987
Q9UPN9,Q14188,0.2609127724559987
Q14188,Q9NS15,0.1051600884334792
Q9NS15,Q14188,0.1051600884334792
Q14188,Q9UN42,0.2609127724559987
Q9UN42,Q14188,0.2609127724559987
Q14188,Q15329,0
Q15329,Q14188,0
Q14188,Q16254,0
Q16254,Q14188,0
Q14188,Q9Y624,0
Q9Y624,Q14188,0
Q14188,Q8TEW0,0
Q8TEW0,Q14188,0
Q14188,Q15843,0.1051600884334792
Q15843,Q14188,0.1051600884334792
Q14188,Q14767,0.1051600884334792
Q14767,Q14188,0.1051600884334792
Q14188,Q96PU5,0.2609127724559987
Q96PU5,Q14188,0.2609127724559987
Q14188,Q15796,0.2609127724559987
Q15796,Q14188,0.2609127724559987
Q14188,Q9Y3F4,0.1051600884334792
Q9Y3F4,Q14188,0.1051600884334792
Q14188,Q9GZV5,0.2609127724559987
Q9GZV5,Q14188,0.2609127724559987
Q14188,Q93008,0.2609127724559987
Q93008,Q14188,0.2609127724559987
Q14188,Q9NYA4,0.1051600884334792
Q9NYA4,Q14188,0.1051600884334792
Q14188,Q6ZNA4,0.2609127724559987
Q6ZNA4,Q14188,0.2609127724559987
Q14188,Q9UNE7,0.1051600884334792
Q9UNE7,Q14188,0.1051600884334792
Q9UNE7,Q9Y5K5,0.305725116872361
Q9Y5K5,Q9UNE7,0.305725116872361
Q9UNE7,Q9Y618,0.2963850906182176
Q9Y618,Q9UNE7,0.2963850906182176
Q9UNE7,Q9Y4E8,0.305725116872361
Q9Y4E8,Q9UNE7,0.305725116872361
Q9UNE7,Q9UPN9,0.2963850906182176
Q9UPN9,Q9UNE7,0.2963850906182176
Q9UNE7,Q9Y624,0.244207078953146
Q9Y624,Q9UNE7,0.244207078953146
Q9UNE7,Q9Y3F4,0.305725116872361
Q9Y3F4,Q9UNE7,0.305725116872361
Q13547,Q15583,0.2609127724559987
Q15583,Q13547,0.2609127724559987
Q13547,Q9Y5K5,0.2963850906182176
Q9Y5K5,Q13547,0.2963850906182176
Q13547,Q9HCE7,0.2963850906182176
Q9HCE7,Q13547,0.2963850906182176
Q13547,Q9Y618,0.2609127724559987
Q9Y618,Q13547,0.2609127724559987
Q13547,Q9HAU4,0.2963850906182176
Q9HAU4,Q13547,0.2963850906182176
Q13547,Q8N2S1,0.1051600884334792
Q8N2S1,Q13547,0.1051600884334792
Q13547,Q9NPB6,0
Q9NPB6,Q13547,0
Q13547,Q969W9,0.2963850906182176
Q969W9,Q13547,0.2963850906182176
Q13547,Q6ZSZ5,0
Q6ZSZ5,Q13547,0
Q13547,Q9Y4E8,0.2963850906182176
Q9Y4E8,Q13547,0.2963850906182176
Q13547,Q14766,0.1051600884334792
Q14766,Q13547,0.1051600884334792
Q13547,Q13573,0.2609127724559987
Q13573,Q13547,0.2609127724559987
Q13547,Q9P2M7,0
Q9P2M7,Q13547,0
Q13547,Q9GZN2,0.2609127724559987
Q9GZN2,Q13547,0.2609127724559987
Q13547,Q9UPN9,0.2609127724559987
Q9UPN9,Q13547,0.2609127724559987
Q13547,Q9NS15,0.1051600884334792
Q9NS15,Q13547,0.1051600884334792
Q13547,Q9UN42,0.2609127724559987
Q9UN42,Q13547,0.2609127724559987
Q13547,Q15329,0.2609127724559987
Q15329,Q13547,0.2609127724559987
Q13547,Q16254,0.2609127724559987
Q16254,Q13547,0.2609127724559987
Q13547,Q9Y624,0
Q9Y624,Q13547,0
Q13547,Q8TEW0,0
Q8TEW0,Q13547,0
Q13547,Q15843,0.1051600884334792
Q15843,Q13547,0.1051600884334792
Q13547,Q14767,0.1051600884334792
Q14767,Q13547,0.1051600884334792
Q13547,Q96PU5,0.2963850906182176
Q96PU5,Q13547,0.2963850906182176
Q13547,Q15796,0.2963850906182176
Q15796,Q13547,0.2963850906182176
Q13547,Q9Y3F4,0.2963850906182176
Q9Y3F4,Q13547,0.2963850906182176
Q13547,Q9GZV5,0.2609127724559987
Q9GZV5,Q13547,0.2609127724559987
Q13547,Q93008,0.2609127724559987
Q93008,Q13547,0.2609127724559987
Q13547,Q9NYA4,0.2963850906182176
Q9NYA4,Q13547,0.2963850906182176
Q13547,Q14186,0.2609127724559987
Q14186,Q13547,0.2609127724559987
Q13547,Q6ZNA4,0.2609127724559987
Q6ZNA4,Q13547,0.2609127724559987
Q13547,Q14188,0.2609127724559987
Q14188,Q13547,0.2609127724559987
Q13547,Q9UNE7,0.2963850906182176
Q9UNE7,Q13547,0.2963850906182176
P17275,Q15583,0.2609127724559987
Q15583,P17275,0.2609127724559987
P17275,Q9Y5K5,0.1051600884334792
Q9Y5K5,P17275,0.1051600884334792
P17275,Q9HCE7,0.1051600884334792
Q9HCE7,P17275,0.1051600884334792
P17275,P84022,0.2609127724559987
P84022,P17275,0.2609127724559987
P17275,Q9Y618,0.2609127724559987
Q9Y618,P17275,0.2609127724559987
P17275,Q03167,0.1051600884334792
Q03167,P17275,0.1051600884334792
P17275,Q9HAU4,0.2609127724559987
Q9HAU4,P17275,0.2609127724559987
P17275,P62942,0.1051600884334792
P62942,P17275,0.1051600884334792
P17275,Q8N2S1,0.1051600884334792
Q8N2S1,P17275,0.1051600884334792
P17275,Q9NPB6,0
Q9NPB6,P17275,0
P17275,Q969W9,0.1051600884334792
Q969W9,P17275,0.1051600884334792
P17275,Q6ZSZ5,0
Q6ZSZ5,P17275,0
P17275,Q9Y4E8,0.1051600884334792
Q9Y4E8,P17275,0.1051600884334792
P17275,P27361,0.2609127724559987
P27361,P17275,0.2609127724559987
P17275,P62140,0.1051600884334792
P62140,P17275,0.1051600884334792
P17275,Q14766,0.1051600884334792
Q14766,P17275,0.1051600884334792
P17275,Q13573,0.2609127724559987
Q13573,P17275,0.2609127724559987
P17275,P51668,0.2609127724559987
P51668,P17275,0.2609127724559987
P17275,P61812,0.1051600884334792
P61812,P17275,0.1051600884334792
P17275,P22681,0.1051600884334792
P22681,P17275,0.1051600884334792
P17275,P36873,0.1051600884334792
P36873,P17275,0.1051600884334792
P17275,P62136,0.1051600884334792
P62136,P17275,0.1051600884334792
P17275,Q9P2M7,0
Q9P2M7,P17275,0
P17275,P61586,0
P61586,P17275,0
P17275,Q9GZN2,0.2609127724559987
Q9GZN2,P17275,0.2609127724559987
P17275,P24863,0
P24863,P17275,0
P17275,P67809,0
P67809,P17275,0
P17275,P36897,0.1051600884334792
P36897,P17275,0.1051600884334792
P17275,Q9UPN9,0.2609127724559987
Q9UPN9,P17275,0.2609127724559987
P17275,P28482,0.2609127724559987
P28482,P17275,0.2609127724559987
P17275,P18084,0.1051600884334792
P18084,P17275,0.1051600884334792
P17275,P49336,0
P49336,P17275,0
P17275,Q9NS15,0.1051600884334792
Q9NS15,P17275,0.1051600884334792
P17275,Q9UN42,0.2609127724559987
Q9UN42,P17275,0.2609127724559987
P17275,Q15329,0
Q15329,P17275,0
P17275,P18564,0.1051600884334792
P18564,P17275,0.1051600884334792
P17275,Q16254,0
Q16254,P17275,0
P17275,Q13145,0.1051600884334792
Q13145,P17275,0.1051600884334792
P17275,P61077,0.2609127724559987
P61077,P17275,0.2609127724559987
P17275,Q9Y624,0
Q9Y624,P17275,0
P17275,P62987,0.2609127724559987
P62987,P17275,0.2609127724559987
P17275,Q8TEW0,0
Q8TEW0,P17275,0
P17275,Q15843,0.1051600884334792
Q15843,P17275,0.1051600884334792
P17275,Q14767,0.1051600884334792
Q14767,P17275,0.1051600884334792
P17275,Q96PU5,0.2609127724559987
Q96PU5,P17275,0.2609127724559987
P17275,P26012,0.1051600884334792
P26012,P17275,0.1051600884334792
P17275,P62979,0.2609127724559987
P62979,P17275,0.2609127724559987
P17275,Q15796,0.2609127724559987
Q15796,P17275,0.2609127724559987
P17275,Q9Y3F4,0.1051600884334792
Q9Y3F4,P17275,0.1051600884334792
P17275,P53708,0.1051600884334792
P53708,P17275,0.1051600884334792
P17275,P61081,0.1051600884334792
P61081,P17275,0.1051600884334792
P17275,Q05513,0
Q05513,P17275,0
P17275,Q9GZV5,0.2609127724559987
Q9GZV5,P17275,0.2609127724559987
P17275,P42772,0
P42772,P17275,0
P17275,Q93008,0.2609127724559987
Q93008,P17275,0.2609127724559987
P17275,P37173,0.1051600884334792
P37173,P17275,0.1051600884334792
P17275,Q9NYA4,0.1051600884334792
Q9NYA4,P17275,0.1051600884334792
P17275,Q14186,0
Q14186,P17275,0
P17275,Q6ZNA4,0.2609127724559987
Q6ZNA4,P17275,0.2609127724559987
P17275,P35813,0.2609127724559987
P35813,P17275,0.2609127724559987
P17275,Q14188,0
Q14188,P17275,0
P17275,Q9UNE7,0.1051600884334792
Q9UNE7,P17275,0.1051600884334792
P17275,Q13547,0.2609127724559987
Q13547,P17275,0.2609127724559987
P17275,P50750,0
P50750,P17275,0
P17275,P28749,0
P28749,P17275,0
P17275,Q13485,0.2609127724559987
Q13485,P17275,0.2609127724559987
P17275,Q09472,0
Q09472,P17275,0
P50750,Q15583,0.2609127724559987
Q15583,P50750,0.2609127724559987
P50750,Q9Y5K5,0.1051600884334792
Q9Y5K5,P50750,0.1051600884334792
P50750,Q9HCE7,0.1051600884334792
Q9HCE7,P50750,0.1051600884334792
P50750,P84022,0.2609127724559987
P84022,P50750,0.2609127724559987
P50750,Q9Y618,0.2609127724559987
Q9Y618,P50750,0.2609127724559987
P50750,Q03167,0.1051600884334792
Q03167,P50750,0.1051600884334792
P50750,Q9HAU4,0.2609127724559987
Q9HAU4,P50750,0.2609127724559987
P50750,P62942,0.1051600884334792
P62942,P50750,0.1051600884334792
P50750,Q8N2S1,0.1051600884334792
Q8N2S1,P50750,0.1051600884334792
P50750,Q9NPB6,0
Q9NPB6,P50750,0
P50750,Q969W9,0.1051600884334792
Q969W9,P50750,0.1051600884334792
P50750,Q6ZSZ5,0
Q6ZSZ5,P50750,0
P50750,Q9Y4E8,0.1051600884334792
Q9Y4E8,P50750,0.1051600884334792
P50750,P62140,0.1051600884334792
P62140,P50750,0.1051600884334792
P50750,Q14766,0.1051600884334792
Q14766,P50750,0.1051600884334792
P50750,Q13573,0.2609127724559987
Q13573,P50750,0.2609127724559987
P50750,P51668,0.2609127724559987
P51668,P50750,0.2609127724559987
P50750,P61812,0.1051600884334792
P61812,P50750,0.1051600884334792
P50750,P62136,0.1051600884334792
P62136,P50750,0.1051600884334792
P50750,Q9P2M7,0
Q9P2M7,P50750,0
P50750,P61586,0
P61586,P50750,0
P50750,Q9GZN2,0.2609127724559987
Q9GZN2,P50750,0.2609127724559987
P50750,P67809,0
P67809,P50750,0
P50750,Q9UPN9,0.2609127724559987
Q9UPN9,P50750,0.2609127724559987
P50750,Q9NS15,0.1051600884334792
Q9NS15,P50750,0.1051600884334792
P50750,Q9UN42,0.2609127724559987
Q9UN42,P50750,0.2609127724559987
P50750,Q15329,0
Q15329,P50750,0
P50750,Q16254,0
Q16254,P50750,0
P50750,Q13145,0.1051600884334792
Q13145,P50750,0.1051600884334792
P50750,P61077,0.2609127724559987
P61077,P50750,0.2609127724559987
P50750,Q9Y624,0
Q9Y624,P50750,0
P50750,P62987,0.2609127724559987
P62987,P50750,0.2609127724559987
P50750,Q8TEW0,0
Q8TEW0,P50750,0
P50750,Q15843,0.1051600884334792
Q15843,P50750,0.1051600884334792
P50750,Q14767,0.1051600884334792
Q14767,P50750,0.1051600884334792
P50750,Q96PU5,0.2609127724559987
Q96PU5,P50750,0.2609127724559987
P50750,P62979,0.2609127724559987
P62979,P50750,0.2609127724559987
P50750,Q15796,0.2609127724559987
Q15796,P50750,0.2609127724559987
P50750,Q9Y3F4,0.1051600884334792
Q9Y3F4,P50750,0.1051600884334792
P50750,P53708,0.1051600884334792
P53708,P50750,0.1051600884334792
P50750,P61081,0.1051600884334792
P61081,P50750,0.1051600884334792
P50750,Q05513,0
Q05513,P50750,0
P50750,Q9GZV5,0.2609127724559987
Q9GZV5,P50750,0.2609127724559987
P50750,Q93008,0.2609127724559987
Q93008,P50750,0.2609127724559987
P50750,Q9NYA4,0.1051600884334792
Q9NYA4,P50750,0.1051600884334792
P50750,Q14186,0
Q14186,P50750,0
P50750,Q6ZNA4,0.2609127724559987
Q6ZNA4,P50750,0.2609127724559987
P50750,Q14188,0
Q14188,P50750,0
P50750,Q9UNE7,0.1051600884334792
Q9UNE7,P50750,0.1051600884334792
P50750,Q13547,0.2609127724559987
Q13547,P50750,0.2609127724559987
P50750,Q13485,0.2609127724559987
Q13485,P50750,0.2609127724559987
P50750,Q09472,0
Q09472,P50750,0
P28749,Q15583,0.2609127724559987
Q15583,P28749,0.2609127724559987
P28749,Q9Y5K5,0.1051600884334792
Q9Y5K5,P28749,0.1051600884334792
P28749,Q9HCE7,0.1051600884334792
Q9HCE7,P28749,0.1051600884334792
P28749,P84022,0.2609127724559987
P84022,P28749,0.2609127724559987
P28749,Q9Y618,0.2609127724559987
Q9Y618,P28749,0.2609127724559987
P28749,Q03167,0.1051600884334792
Q03167,P28749,0.1051600884334792
P28749,Q9HAU4,0.2609127724559987
Q9HAU4,P28749,0.2609127724559987
P28749,P62942,0.1051600884334792
P62942,P28749,0.1051600884334792
P28749,Q8N2S1,0.1051600884334792
Q8N2S1,P28749,0.1051600884334792
P28749,Q9NPB6,0
Q9NPB6,P28749,0
P28749,Q969W9,0.1051600884334792
Q969W9,P28749,0.1051600884334792
P28749,Q6ZSZ5,0
Q6ZSZ5,P28749,0
P28749,Q9Y4E8,0.1051600884334792
Q9Y4E8,P28749,0.1051600884334792
P28749,P62140,0.1051600884334792
P62140,P28749,0.1051600884334792
P28749,Q14766,0.1051600884334792
Q14766,P28749,0.1051600884334792
P28749,Q13573,0.2609127724559987
Q13573,P28749,0.2609127724559987
P28749,P51668,0.2609127724559987
P51668,P28749,0.2609127724559987
P28749,P61812,0.1051600884334792
P61812,P28749,0.1051600884334792
P28749,P36873,0.1051600884334792
P36873,P28749,0.1051600884334792
P28749,P62136,0.1051600884334792
P62136,P28749,0.1051600884334792
P28749,Q9P2M7,0
Q9P2M7,P28749,0
P28749,P61586,0
P61586,P28749,0
P28749,Q9GZN2,0.2609127724559987
Q9GZN2,P28749,0.2609127724559987
P28749,P67809,0
P67809,P28749,0
P28749,P36897,0.1051600884334792
P36897,P28749,0.1051600884334792
P28749,Q9UPN9,0.2609127724559987
Q9UPN9,P28749,0.2609127724559987
P28749,P49336,0
P49336,P28749,0
P28749,Q9NS15,0.1051600884334792
Q9NS15,P28749,0.1051600884334792
P28749,Q9UN42,0.2609127724559987
Q9UN42,P28749,0.2609127724559987
P28749,Q15329,0
Q15329,P28749,0
P28749,Q16254,0
Q16254,P28749,0
P28749,Q13145,0.1051600884334792
Q13145,P28749,0.1051600884334792
P28749,P61077,0.2609127724559987
P61077,P28749,0.2609127724559987
P28749,Q9Y624,0
Q9Y624,P28749,0
P28749,P62987,0.2609127724559987
P62987,P28749,0.2609127724559987
P28749,Q8TEW0,0
Q8TEW0,P28749,0
P28749,Q15843,0.1051600884334792
Q15843,P28749,0.1051600884334792
P28749,Q14767,0.1051600884334792
Q14767,P28749,0.1051600884334792
P28749,Q96PU5,0.2609127724559987
Q96PU5,P28749,0.2609127724559987
P28749,P62979,0.2609127724559987
P62979,P28749,0.2609127724559987
P28749,Q15796,0.2609127724559987
Q15796,P28749,0.2609127724559987
P28749,Q9Y3F4,0.1051600884334792
Q9Y3F4,P28749,0.1051600884334792
P28749,P53708,0.1051600884334792
P53708,P28749,0.1051600884334792
P28749,P61081,0.1051600884334792
P61081,P28749,0.1051600884334792
P28749,Q05513,0
Q05513,P28749,0
P28749,Q9GZV5,0.2609127724559987
Q9GZV5,P28749,0.2609127724559987
P28749,P42772,0
P42772,P28749,0
P28749,Q93008,0.2609127724559987
Q93008,P28749,0.2609127724559987
P28749,P37173,0.1051600884334792
P37173,P28749,0.1051600884334792
P28749,Q9NYA4,0.1051600884334792
Q9NYA4,P28749,0.1051600884334792
P28749,Q14186,0
Q14186,P28749,0
P28749,Q6ZNA4,0.2609127724559987
Q6ZNA4,P28749,0.2609127724559987
P28749,P35813,0.2609127724559987
P35813,P28749,0.2609127724559987
P28749,Q14188,0
Q14188,P28749,0
P28749,Q9UNE7,0.1051600884334792
Q9UNE7,P28749,0.1051600884334792
P28749,Q13547,0.2609127724559987
Q13547,P28749,0.2609127724559987
P28749,P50750,0
P50750,P28749,0
P28749,Q13485,0.2609127724559987
Q13485,P28749,0.2609127724559987
P28749,Q09472,0
Q09472,P28749,0
Q13485,Q15583,0.2609127724559987
Q15583,Q13485,0.2609127724559987
Q13485,Q9Y5K5,0.2963850906182176
Q9Y5K5,Q13485,0.2963850906182176
Q13485,Q9HCE7,0.2963850906182176
Q9HCE7,Q13485,0.2963850906182176
Q13485,Q9Y618,0.2609127724559987
Q9Y618,Q13485,0.2609127724559987
Q13485,Q9HAU4,0.2963850906182176
Q9HAU4,Q13485,0.2963850906182176
Q13485,Q8N2S1,0.1051600884334792
Q8N2S1,Q13485,0.1051600884334792
Q13485,Q9NPB6,0
Q9NPB6,Q13485,0
Q13485,Q969W9,0.2963850906182176
Q969W9,Q13485,0.2963850906182176
Q13485,Q6ZSZ5,0
Q6ZSZ5,Q13485,0
Q13485,Q9Y4E8,0.2963850906182176
Q9Y4E8,Q13485,0.2963850906182176
Q13485,Q14766,0.1051600884334792
Q14766,Q13485,0.1051600884334792
Q13485,Q13573,0.2609127724559987
Q13573,Q13485,0.2609127724559987
Q13485,Q9P2M7,0
Q9P2M7,Q13485,0
Q13485,Q9GZN2,0.2609127724559987
Q9GZN2,Q13485,0.2609127724559987
Q13485,Q9UPN9,0.2609127724559987
Q9UPN9,Q13485,0.2609127724559987
Q13485,Q9NS15,0.1051600884334792
Q9NS15,Q13485,0.1051600884334792
Q13485,Q9UN42,0.2609127724559987
Q9UN42,Q13485,0.2609127724559987
Q13485,Q15329,0.2609127724559987
Q15329,Q13485,0.2609127724559987
Q13485,Q16254,0.2609127724559987
Q16254,Q13485,0.2609127724559987
Q13485,Q9Y624,0
Q9Y624,Q13485,0
Q13485,Q8TEW0,0
Q8TEW0,Q13485,0
Q13485,Q15843,0.1051600884334792
Q15843,Q13485,0.1051600884334792
Q13485,Q14767,0.1051600884334792
Q14767,Q13485,0.1051600884334792
Q13485,Q96PU5,0.2963850906182176
Q96PU5,Q13485,0.2963850906182176
Q13485,Q15796,0.2963850906182176
Q15796,Q13485,0.2963850906182176
Q13485,Q9Y3F4,0.2963850906182176
Q9Y3F4,Q13485,0.2963850906182176
Q13485,Q9GZV5,0.2609127724559987
Q9GZV5,Q13485,0.2609127724559987
Q13485,Q93008,0.2609127724559987
Q93008,Q13485,0.2609127724559987
Q13485,Q9NYA4,0.2963850906182176
Q9NYA4,Q13485,0.2963850906182176
Q13485,Q14186,0.2609127724559987
Q14186,Q13485,0.2609127724559987
Q13485,Q6ZNA4,0.2609127724559987
Q6ZNA4,Q13485,0.2609127724559987
Q13485,Q14188,0.2609127724559987
Q14188,Q13485,0.2609127724559987
Q13485,Q9UNE7,0.2963850906182176
Q9UNE7,Q13485,0.2963850906182176
Q13485,Q13547,0.2609127724559987
Q13547,Q13485,0.2609127724559987
Q09472,Q15583,0.2609127724559987
Q15583,Q09472,0.2609127724559987
Q09472,Q9Y5K5,0.1051600884334792
Q9Y5K5,Q09472,0.1051600884334792
Q09472,Q9HCE7,0.1051600884334792
Q9HCE7,Q09472,0.1051600884334792
Q09472,Q9Y618,0.2609127724559987
Q9Y618,Q09472,0.2609127724559987
Q09472,Q9HAU4,0.2609127724559987
Q9HAU4,Q09472,0.2609127724559987
Q09472,Q8N2S1,0.1051600884334792
Q8N2S1,Q09472,0.1051600884334792
Q09472,Q9NPB6,0
Q9NPB6,Q09472,0
Q09472,Q969W9,0.1051600884334792
Q969W9,Q09472,0.1051600884334792
Q09472,Q6ZSZ5,0
Q6ZSZ5,Q09472,0
Q09472,Q9Y4E8,0.1051600884334792
Q9Y4E8,Q09472,0.1051600884334792
Q09472,Q14766,0.1051600884334792
Q14766,Q09472,0.1051600884334792
Q09472,Q13573,0.2609127724559987
Q13573,Q09472,0.2609127724559987
Q09472,Q9P2M7,0
Q9P2M7,Q09472,0
Q09472,Q9GZN2,0.2609127724559987
Q9GZN2,Q09472,0.2609127724559987
Q09472,Q9UPN9,0.2609127724559987
Q9UPN9,Q09472,0.2609127724559987
Q09472,Q9NS15,0.1051600884334792
Q9NS15,Q09472,0.1051600884334792
Q09472,Q9UN42,0.2609127724559987
Q9UN42,Q09472,0.2609127724559987
Q09472,Q15329,0
Q15329,Q09472,0
Q09472,Q16254,0
Q16254,Q09472,0
Q09472,Q13145,0.1051600884334792
Q13145,Q09472,0.1051600884334792
Q09472,Q9Y624,0
Q9Y624,Q09472,0
Q09472,Q8TEW0,0
Q8TEW0,Q09472,0
Q09472,Q15843,0.1051600884334792
Q15843,Q09472,0.1051600884334792
Q09472,Q14767,0.1051600884334792
Q14767,Q09472,0.1051600884334792
Q09472,Q96PU5,0.2609127724559987
Q96PU5,Q09472,0.2609127724559987
Q09472,Q15796,0.2609127724559987
Q15796,Q09472,0.2609127724559987
Q09472,Q9Y3F4,0.1051600884334792
Q9Y3F4,Q09472,0.1051600884334792
Q09472,Q9GZV5,0.2609127724559987
Q9GZV5,Q09472,0.2609127724559987
Q09472,Q93008,0.2609127724559987
Q93008,Q09472,0.2609127724559987
Q09472,Q9NYA4,0.1051600884334792
Q9NYA4,Q09472,0.1051600884334792
Q09472,Q14186,0
Q14186,Q09472,0
Q09472,Q6ZNA4,0.2609127724559987
Q6ZNA4,Q09472,0.2609127724559987
Q09472,Q14188,0
Q14188,Q09472,0
Q09472,Q9UNE7,0.1051600884334792
Q9UNE7,Q09472,0.1051600884334792
Q09472,Q13547,0.2609127724559987
Q13547,Q09472,0.2609127724559987
Q09472,Q13485,0.2609127724559987
Q13485,Q09472,0.2609127724559987
O60583,O95405-1,0.1051600884334792
O95405-1,O60583,0.1051600884334792
O60583,P42224-1,0.2609127724559987
P42224-1,O60583,0.2609127724559987
P27361,P42224-1,0.2609127724559987
P42224-1,P27361,0.2609127724559987
O75909,O95405-1,0.1051600884334792
O95405-1,O75909,0.1051600884334792
O75909,P42224-1,0.2609127724559987
P42224-1,O75909,0.2609127724559987
P09958,P42224-1,0.2609127724559987
P42224-1,P09958,0.2609127724559987
P22681,P42224-1,0
P42224-1,P22681,0
P36873,P42224-1,0.2963850906182176
P42224-1,P36873,0.2963850906182176
P0CG48,P42224-1,0.2963850906182176
P42224-1,P0CG48,0.2963850906182176
P08123,P42224-1,0.2609127724559987
P42224-1,P08123,0.2609127724559987
P06756,P42224-1,0
P42224-1,P06756,0
P24863,P42224-1,0.2609127724559987
P42224-1,P24863,0.2609127724559987
P36897,P42224-1,0.2963850906182176
P42224-1,P36897,0.2963850906182176
P28482,P42224-1,0.2609127724559987
P42224-1,P28482,0.2609127724559987
P01137,P42224-1,0.2963850906182176
P42224-1,P01137,0.2963850906182176
P09874,P42224-1,0
P42224-1,P09874,0
P18084,P42224-1,0
P42224-1,P18084,0
P12757,P42224-1,0
P42224-1,P12757,0
O00255,O95405-1,0.1051600884334792
O95405-1,O00255,0.1051600884334792
O00255,P42224-1,0.2609127724559987
P42224-1,O00255,0.2609127724559987
P05556,P42224-1,0
P42224-1,P05556,0
P18564,P42224-1,0
P42224-1,P18564,0
P08047,P42224-1,0.2609127724559987
P42224-1,P08047,0.2609127724559987
P05121,P42224-1,0.2609127724559987
P42224-1,P05121,0.2609127724559987
P12755,P42224-1,0
P42224-1,P12755,0
O14980,O95405-1,0.305725116872361
O95405-1,O14980,0.305725116872361
O14980,P42224-1,0.2963850906182176
P42224-1,O14980,0.2963850906182176
O60563,O95405-1,0.1051600884334792
O95405-1,O60563,0.1051600884334792
O60563,P42224-1,0.2609127724559987
P42224-1,O60563,0.2609127724559987
P26012,P42224-1,0
P42224-1,P26012,0
O75807,O95405-1,0.305725116872361
O95405-1,O75807,0.305725116872361
O75807,P42224-1,0.2963850906182176
P42224-1,O75807,0.2963850906182176
P0CG47,P42224-1,0.2963850906182176
P42224-1,P0CG47,0.2963850906182176
O75376,O95405-1,0.2963850906182176
O95405-1,O75376,0.2963850906182176
O75376,P42224-1,0
P42224-1,O75376,0
P01106,P42224-1,0.2609127724559987
P42224-1,P01106,0.2609127724559987
P37173,P42224-1,0.2963850906182176
P42224-1,P37173,0.2963850906182176
P10600,P42224-1,0
P42224-1,P10600,0
P05106,P42224-1,0
P42224-1,P05106,0
P35813,P42224-1,0
P42224-1,P35813,0
O15105,O95405-1,0.305725116872361
O95405-1,O15105,0.305725116872361
O15105,P42224-1,0.2963850906182176
P42224-1,O15105,0.2963850906182176
P17275,P42224-1,0.2609127724559987
P42224-1,P17275,0.2609127724559987
P28749,P42224-1,0.2609127724559987
P42224-1,P28749,0.2609127724559987
O95405-1,Q15583,0.2963850906182176
Q15583,O95405-1,0.2963850906182176
O95405-1,Q9Y5K5,0.305725116872361
Q9Y5K5,O95405-1,0.305725116872361
O95405-1,Q9HCE7,0.305725116872361
Q9HCE7,O95405-1,0.305725116872361
O95405-1,P84022,0.305725116872361
P84022,O95405-1,0.305725116872361
O95405-1,Q9Y618,0.2963850906182176
Q9Y618,O95405-1,0.2963850906182176
O95405-1,Q03167,0.305725116872361
Q03167,O95405-1,0.305725116872361
O95405-1,Q9HAU4,0.305725116872361
Q9HAU4,O95405-1,0.305725116872361
O95405-1,P62942,0.305725116872361
P62942,O95405-1,0.305725116872361
O95405-1,Q8N2S1,0.305725116872361
Q8N2S1,O95405-1,0.305725116872361
O95405-1,Q9NPB6,0.244207078953146
Q9NPB6,O95405-1,0.244207078953146
O95405-1,Q969W9,0.305725116872361
Q969W9,O95405-1,0.305725116872361
O95405-1,Q6ZSZ5,0.244207078953146
Q6ZSZ5,O95405-1,0.244207078953146
O95405-1,Q9Y4E8,0.305725116872361
Q9Y4E8,O95405-1,0.305725116872361
O95405-1,P27361,0.2963850906182176
P27361,O95405-1,0.2963850906182176
O95405-1,P62140,0.305725116872361
P62140,O95405-1,0.305725116872361
O95405-1,Q14766,0.305725116872361
Q14766,O95405-1,0.305725116872361
O95405-1,P09958,0.1051600884334792
P09958,O95405-1,0.1051600884334792
O95405-1,Q13573,0.2963850906182176
Q13573,O95405-1,0.2963850906182176
O95405-1,P51668,0.2963850906182176
P51668,O95405-1,0.2963850906182176
O95405-1,P61812,0.305725116872361
P61812,O95405-1,0.305725116872361
O95405-1,P22681,0.305725116872361
P22681,O95405-1,0.305725116872361
O95405-1,P36873,0.305725116872361
P36873,O95405-1,0.305725116872361
O95405-1,P62136,0.305725116872361
P62136,O95405-1,0.305725116872361
O95405-1,P0CG48,0.305725116872361
P0CG48,O95405-1,0.305725116872361
O95405-1,P08123,0.1051600884334792
P08123,O95405-1,0.1051600884334792
O95405-1,Q9P2M7,0.244207078953146
Q9P2M7,O95405-1,0.244207078953146
O95405-1,P06756,0.305725116872361
P06756,O95405-1,0.305725116872361
O95405-1,P61586,0.244207078953146
P61586,O95405-1,0.244207078953146
O95405-1,Q9GZN2,0.2963850906182176
Q9GZN2,O95405-1,0.2963850906182176
O95405-1,P24863,0.1051600884334792
P24863,O95405-1,0.1051600884334792
O95405-1,P67809,0.1051600884334792
P67809,O95405-1,0.1051600884334792
O95405-1,P36897,0.305725116872361
P36897,O95405-1,0.305725116872361
O95405-1,Q9UPN9,0.2963850906182176
Q9UPN9,O95405-1,0.2963850906182176
O95405-1,P28482,0.2963850906182176
P28482,O95405-1,0.2963850906182176
O95405-1,P01137,0.305725116872361
P01137,O95405-1,0.305725116872361
O95405-1,P09874,0.2963850906182176
P09874,O95405-1,0.2963850906182176
O95405-1,P18084,0.305725116872361
P18084,O95405-1,0.305725116872361
O95405-1,P49336,0.1051600884334792
P49336,O95405-1,0.1051600884334792
O95405-1,Q9NS15,0.305725116872361
Q9NS15,O95405-1,0.305725116872361
O95405-1,Q9UN42,0.2963850906182176
Q9UN42,O95405-1,0.2963850906182176
O95405-1,P12757,0.2963850906182176
P12757,O95405-1,0.2963850906182176
O95405-1,Q15329,0.1051600884334792
Q15329,O95405-1,0.1051600884334792
O95405-1,P05556,0.305725116872361
P05556,O95405-1,0.305725116872361
O95405-1,P18564,0.305725116872361
P18564,O95405-1,0.305725116872361
O95405-1,P08047,0.1051600884334792
P08047,O95405-1,0.1051600884334792
O95405-1,Q16254,0.1051600884334792
Q16254,O95405-1,0.1051600884334792
O95405-1,P05121,0.1051600884334792
P05121,O95405-1,0.1051600884334792
O95405-1,Q13145,0.305725116872361
Q13145,O95405-1,0.305725116872361
O95405-1,P61077,0.2963850906182176
P61077,O95405-1,0.2963850906182176
O95405-1,Q9Y624,0.244207078953146
Q9Y624,O95405-1,0.244207078953146
O95405-1,P62987,0.305725116872361
P62987,O95405-1,0.305725116872361
O95405-1,P12755,0.2963850906182176
P12755,O95405-1,0.2963850906182176
O95405-1,Q8TEW0,0.244207078953146
Q8TEW0,O95405-1,0.244207078953146
O95405-1,Q15843,0.305725116872361
Q15843,O95405-1,0.305725116872361
O95405-1,Q14767,0.305725116872361
Q14767,O95405-1,0.305725116872361
O95405-1,Q96PU5,0.305725116872361
Q96PU5,O95405-1,0.305725116872361
O95405-1,P26012,0.305725116872361
P26012,O95405-1,0.305725116872361
O95405-1,P62979,0.305725116872361
P62979,O95405-1,0.305725116872361
O95405-1,Q15796,0.305725116872361
Q15796,O95405-1,0.305725116872361
O95405-1,Q9Y3F4,0.305725116872361
Q9Y3F4,O95405-1,0.305725116872361
O95405-1,P53708,0.305725116872361
P53708,O95405-1,0.305725116872361
O95405-1,P0CG47,0.305725116872361
P0CG47,O95405-1,0.305725116872361
O95405-1,P61081,0.305725116872361
P61081,O95405-1,0.305725116872361
O95405-1,Q05513,0.244207078953146
Q05513,O95405-1,0.244207078953146
O95405-1,Q9GZV5,0.2963850906182176
Q9GZV5,O95405-1,0.2963850906182176
O95405-1,P42772,0.1051600884334792
P42772,O95405-1,0.1051600884334792
O95405-1,Q93008,0.2963850906182176
Q93008,O95405-1,0.2963850906182176
O95405-1,P01106,0.1051600884334792
P01106,O95405-1,0.1051600884334792
O95405-1,P37173,0.305725116872361
P37173,O95405-1,0.305725116872361
O95405-1,P10600,0.305725116872361
P10600,O95405-1,0.305725116872361
O95405-1,P05106,0.305725116872361
P05106,O95405-1,0.305725116872361
O95405-1,Q9NYA4,0.305725116872361
Q9NYA4,O95405-1,0.305725116872361
O95405-1,Q14186,0.1051600884334792
Q14186,O95405-1,0.1051600884334792
O95405-1,Q6ZNA4,0.2963850906182176
Q6ZNA4,O95405-1,0.2963850906182176
O95405-1,P35813,0.2963850906182176
P35813,O95405-1,0.2963850906182176
O95405-1,Q14188,0.1051600884334792
Q14188,O95405-1,0.1051600884334792
O95405-1,Q9UNE7,0.305725116872361
Q9UNE7,O95405-1,0.305725116872361
O95405-1,Q13547,0.2963850906182176
Q13547,O95405-1,0.2963850906182176
O95405-1,P17275,0.1051600884334792
P17275,O95405-1,0.1051600884334792
O95405-1,P50750,0.1051600884334792
P50750,O95405-1,0.1051600884334792
O95405-1,P28749,0.1051600884334792
P28749,O95405-1,0.1051600884334792
O95405-1,Q13485,0.2963850906182176
Q13485,O95405-1,0.2963850906182176
O95405-1,Q09472,0.1051600884334792
Q09472,O95405-1,0.1051600884334792
P42224-1,Q15583,0.2609127724559987
Q15583,P42224-1,0.2609127724559987
P42224-1,Q9Y5K5,0.2963850906182176
Q9Y5K5,P42224-1,0.2963850906182176
P42224-1,Q9HCE7,0.2963850906182176
Q9HCE7,P42224-1,0.2963850906182176
P42224-1,P84022,0.2963850906182176
P84022,P42224-1,0.2963850906182176
P42224-1,Q9Y618,0
Q9Y618,P42224-1,0
P42224-1,Q03167,0
Q03167,P42224-1,0
P42224-1,Q9HAU4,0.2963850906182176
Q9HAU4,P42224-1,0.2963850906182176
P42224-1,P62942,0
P62942,P42224-1,0
P42224-1,Q8N2S1,0
Q8N2S1,P42224-1,0
P42224-1,Q9NPB6,0
Q9NPB6,P42224-1,0
P42224-1,Q969W9,0.2963850906182176
Q969W9,P42224-1,0.2963850906182176
P42224-1,Q6ZSZ5,0
Q6ZSZ5,P42224-1,0
P42224-1,Q9Y4E8,0.2963850906182176
Q9Y4E8,P42224-1,0.2963850906182176
P42224-1,P62140,0.2963850906182176
P62140,P42224-1,0.2963850906182176
P42224-1,Q14766,0
Q14766,P42224-1,0
P42224-1,Q13573,0
Q13573,P42224-1,0
P42224-1,P51668,0
P51668,P42224-1,0
P42224-1,P61812,0
P61812,P42224-1,0
P42224-1,P62136,0.2963850906182176
P62136,P42224-1,0.2963850906182176
P42224-1,Q9P2M7,0
Q9P2M7,P42224-1,0
P42224-1,P61586,0
P61586,P42224-1,0
P42224-1,Q9GZN2,0.2609127724559987
Q9GZN2,P42224-1,0.2609127724559987
P42224-1,P67809,0.2609127724559987
P67809,P42224-1,0.2609127724559987
P42224-1,Q9UPN9,0
Q9UPN9,P42224-1,0
P42224-1,P49336,0.2609127724559987
P49336,P42224-1,0.2609127724559987
P42224-1,Q9NS15,0
Q9NS15,P42224-1,0
P42224-1,Q9UN42,0
Q9UN42,P42224-1,0
P42224-1,Q15329,0.2609127724559987
Q15329,P42224-1,0.2609127724559987
P42224-1,Q16254,0.2609127724559987
Q16254,P42224-1,0.2609127724559987
P42224-1,Q13145,0.2963850906182176
Q13145,P42224-1,0.2963850906182176
P42224-1,P61077,0
P61077,P42224-1,0
P42224-1,Q9Y624,0
Q9Y624,P42224-1,0
P42224-1,P62987,0.2963850906182176
P62987,P42224-1,0.2963850906182176
P42224-1,Q8TEW0,0
Q8TEW0,P42224-1,0
P42224-1,Q15843,0
Q15843,P42224-1,0
P42224-1,Q14767,0
Q14767,P42224-1,0
P42224-1,Q96PU5,0.2963850906182176
Q96PU5,P42224-1,0.2963850906182176
P42224-1,P62979,0.2963850906182176
P62979,P42224-1,0.2963850906182176
P42224-1,Q15796,0.2963850906182176
Q15796,P42224-1,0.2963850906182176
P42224-1,Q9Y3F4,0.2963850906182176
Q9Y3F4,P42224-1,0.2963850906182176
P42224-1,P53708,0
P53708,P42224-1,0
P42224-1,P61081,0
P61081,P42224-1,0
P42224-1,Q05513,0
Q05513,P42224-1,0
P42224-1,Q9GZV5,0.2609127724559987
Q9GZV5,P42224-1,0.2609127724559987
P42224-1,P42772,0.2609127724559987
P42772,P42224-1,0.2609127724559987
P42224-1,Q93008,0
Q93008,P42224-1,0
P42224-1,Q9NYA4,0.2963850906182176
Q9NYA4,P42224-1,0.2963850906182176
P42224-1,Q14186,0.2609127724559987
Q14186,P42224-1,0.2609127724559987
P42224-1,Q6ZNA4,0.2609127724559987
Q6ZNA4,P42224-1,0.2609127724559987
P42224-1,Q14188,0.2609127724559987
Q14188,P42224-1,0.2609127724559987
P42224-1,Q9UNE7,0.2963850906182176
Q9UNE7,P42224-1,0.2963850906182176
P42224-1,Q13547,0.2609127724559987
Q13547,P42224-1,0.2609127724559987
P42224-1,P50750,0.2609127724559987
P50750,P42224-1,0.2609127724559987
P42224-1,Q13485,0.2609127724559987
Q13485,P42224-1,0.2609127724559987
P42224-1,Q09472,0.2609127724559987
Q09472,P42224-1,0.2609127724559987
O95405-1,P42224-1,0.2963850906182176
P42224-1,O95405-1,0.2963850906182176
